Model,Sampler,Imbalance ratio,loan_amnt,term,installment,emp_length,annual_inc,dti,delinq_2yrs,inq_last_6mths,open_acc,pub_rec,revol_bal,revol_util,total_acc,mort_acc,pub_rec_bankruptcies,Individual application,verification_status_Source Verified,verification_status_Verified,purpose_credit_card,purpose_debt_consolidation,purpose_educational,purpose_home_improvement,purpose_house,purpose_major_purchase,purpose_medical,purpose_moving,purpose_other,purpose_renewable_energy,purpose_small_business,purpose_vacation,purpose_wedding,initial_list_status_w,home_ownership_MORTGAGE,home_ownership_NONE,home_ownership_OTHER,home_ownership_OWN,home_ownership_RENT,addr_state_AL,addr_state_AR,addr_state_AZ,addr_state_CA,addr_state_CO,addr_state_CT,addr_state_DC,addr_state_DE,addr_state_FL,addr_state_GA,addr_state_HI,addr_state_IA,addr_state_ID,addr_state_IL,addr_state_IN,addr_state_KS,addr_state_KY,addr_state_LA,addr_state_MA,addr_state_MD,addr_state_ME,addr_state_MI,addr_state_MN,addr_state_MO,addr_state_MS,addr_state_MT,addr_state_NC,addr_state_ND,addr_state_NE,addr_state_NH,addr_state_NJ,addr_state_NM,addr_state_NV,addr_state_NY,addr_state_OH,addr_state_OK,addr_state_OR,addr_state_PA,addr_state_RI,addr_state_SC,addr_state_SD,addr_state_TN,addr_state_TX,addr_state_UT,addr_state_VA,addr_state_VT,addr_state_WA,addr_state_WI,addr_state_WV,addr_state_WY,credit_history_yrs,fico_mid
XGBClassifier,Baseline,0.01,0.3785575032234192,0.4493219256401062,0.5035398602485657,0.0763942897319793,0.1251219660043716,0.1471801698207855,0.0207882840186357,0.1214125528931617,0.1255989223718643,0.0190643221139907,0.1226083189249038,0.1083194464445114,0.1072408556938171,0.0980608239769935,0.0083801597356796,0.0,0.0620221979916095,0.0497641712427139,0.0508874282240867,0.0155346952378749,0.0,0.0103697134181857,0.0012806201120838,0.002126693027094,0.008163234218955,0.0049873422831296,0.0196086224168539,0.0,0.0080238729715347,0.0001443568180548,0.0,0.0319512225687503,0.0722039714455604,0.0,0.0,0.006688758265227,0.0551174879074096,0.0065552950836718,0.0016857692971825,0.0022421868052333,0.0093190781772136,0.0065385461784899,0.0051136845722794,3.927598663722165e-05,0.0004269507480785,0.0088849971070885,0.0064188432879745,0.0023803845979273,0.0,0.0,0.0039834706112742,0.0015417743707075,0.0032455876935273,0.0037214786279946,0.0008040317916311,0.00262211705558,0.0087437340989708,0.0,0.0012131502153351,0.0022831093519926,0.0038279434666037,0.0015346109867095,4.597347651724704e-05,0.0014000642113387,0.0,0.0007553359610028,0.0004564722767099,0.0038119449745863,0.0033717406913638,0.003136268351227,0.017599020153284,0.0045451428741216,0.0036725611425936,0.006383734755218,0.003654709784314,0.0004232205392327,0.0102885151281952,0.0,0.0008719381876289,0.0083542102947831,0.0005302082863636,0.0034711447078734,0.0001455652236472,0.0116483382880687,0.0006105080829001,0.0004666305612772,0.0003305158752482,0.1041508093476295,0.2290310114622116
XGBClassifier,SMOTEENN,0.01,0.1653296798467636,0.4656403362751007,0.1994729787111282,0.7190295457839966,0.0893031880259513,0.1643763035535812,0.1946941167116165,0.5212879776954651,0.451503187417984,0.0911604389548301,0.1052351593971252,0.0867136195302009,0.1545533984899521,0.4258013069629669,0.010785661637783,0.0,0.1433400213718414,0.1279519200325012,0.0201919693499803,0.0970490649342536,0.0,0.0138403261080384,0.0001435640297131,0.0004532652092166,0.0069728656671941,0.0064187473617494,0.0259424615651369,0.0,0.0067817396484315,8.390340371988714e-05,0.0006032591336406,0.2318937331438064,0.0297794584184885,0.0,0.0,0.0219685807824134,0.0879260078072547,0.00333016901277,0.00051048892783,0.0030939399730414,0.0745866745710372,0.0064169359393417,0.0059485943056643,7.193197234300897e-05,1.5903593521215953e-05,0.0274294260889291,0.0026686971541494,0.0009976758155971,0.0,0.0001708400232018,0.0061986553482711,0.0002979239216074,0.002169138751924,0.0011461335234344,0.0013242565328255,0.0031020778696984,0.0121274702250957,0.0006017923587933,0.0007132748723961,0.0011704107746481,0.0015530866803601,0.0002453801571391,3.7188074202276766e-05,0.0055959168821573,0.0,0.0001993441983358,0.0003646975092124,0.005367855541408,4.498276030062698e-05,0.0022333778906613,0.0626075789332389,0.0097213881090283,0.0014663428300991,0.005822729319334,0.0043022027239203,7.809003363945521e-06,0.008317875675857,0.0,0.000305114488583,0.0257764607667922,0.0011690858518704,0.0034311283379793,7.657436799490824e-05,0.0072093303315341,0.0007229902548715,0.0003555294824764,3.322661723359488e-05,0.0545883029699325,0.750579833984375
XGBClassifier,KMeansSMOTE,0.01,0.1830114722251892,0.931660771369934,0.2877138257026672,0.7103856801986694,0.0945873260498046,0.1536725163459777,0.1905953735113144,0.3996940553188324,0.4395496845245361,0.0886551067233085,0.1027539446949958,0.088607333600521,0.1167952716350555,0.4021624624729156,0.0129796871915459,0.0,0.1003037542104721,0.1003172993659973,0.0096728149801492,0.1116390898823738,0.0,0.0087485797703266,0.0001121216846513,0.0014202715829014,0.0044879433698952,0.0052660391665995,0.0208307914435863,0.0,0.001796375378035,0.0004871887795161,0.0001614516222616,0.1958855837583542,0.029907751828432,0.0,0.0,0.0355130061507225,0.2190192639827728,0.0041405614465475,0.0032536815851926,0.0056557790376245,0.0815594419836998,0.0168407969176769,0.003713829210028,0.0003156358143314,0.00051393173635,0.050635889172554,0.0053319381549954,0.003437673440203,0.0,0.0001884109224192,0.0194845143705606,0.0062718172557652,0.0154065191745758,0.0058161495253443,0.0065079643391072,0.0134276496246457,0.0046046683564782,3.7389581848401576e-05,0.0060792095027863,0.0033376310020685,0.0009965903591364,0.0,0.0,0.0153338024392724,0.0003744988935068,0.0,0.0009772242046892,0.0089613609015941,0.0002528634795453,0.0044762566685676,0.07793939858675,0.0239782482385635,0.0009733813931234,0.0094483187422156,0.017631571739912,0.0102503132075071,0.0154773760586977,0.0002755535242613,0.006269218865782,0.0354228056967258,0.0003474184486549,0.0070941406302154,0.0003559348115231,0.0053549413569271,0.0072588236071169,7.24459532648325e-05,0.0003611183492466,0.0560370795428752,0.7410804629325867
XGBClassifier,ClassWeight,0.01,0.3913208246231079,0.4301839172840118,0.5450858473777771,0.0973055139183998,0.1439674794673919,0.1821966767311096,0.017984664067626,0.1243312731385231,0.1112256124615669,0.0224254410713911,0.1682209074497223,0.1328109502792358,0.1057929620146751,0.1132166609168052,0.0124407922849059,0.0,0.0598818100988864,0.0426211692392826,0.0637339279055595,0.0151351988315582,0.0,0.0057746176607906,0.0012733276234939,0.0046717431396245,0.0051095467060804,0.0018021223368123,0.0180962849408388,0.000113766407594,0.0076267225667834,0.0023511808831244,0.004188725259155,0.029177775606513,0.0836821570992469,1.818058080971241e-05,0.0,0.0075840922072529,0.0480181984603405,0.0037809358909726,0.0010958012426272,0.004375291056931,0.0364976041018962,0.012175403535366,0.0112486127763986,0.0003607711114455,0.000333981734002,0.0184811279177665,0.0172457210719585,0.0039792661555111,0.0,0.0006181185599416,0.010808553546667,0.0020350092090666,0.0053744749166071,0.0048777647316455,0.0052917124703526,0.0086600687354803,0.0046748919412493,0.0055949264205992,0.0065987147390842,0.0079847257584333,0.0035678520798683,0.0008224314660765,0.0004370708484202,0.0091665470972657,0.0001356723805656,0.0003794579824898,0.0016918936744332,0.0078621050342917,0.0016713975928723,0.0025334605015814,0.0131619628518819,0.013441720046103,0.0014137539546936,0.0092910509556531,0.0060231834650039,0.0012338067172095,0.0176965184509754,0.0031814465764909,0.0037422433961182,0.0106091229245066,0.0026985509321093,0.004068462178111,0.0007325858459807,0.0196748822927474,0.0042045968584716,0.0082972608506679,0.0009736897191032,0.1371535360813141,0.2637523412704468
LogisticRegression,Baseline,0.01,0.3242536648035071,0.3728636100798315,0.4420072689664679,0.0155466053794567,0.0893393662495372,0.0191428594458526,0.0094049937833739,0.0902998011131772,0.1333823373529764,0.0093601266363095,0.0676229787067075,0.0963172518474866,0.0972141064399316,0.0704045043999338,0.0085941356893938,0.0,0.0862683766827182,0.1065981962445317,0.0251072085850459,0.0518417551507972,1.6166478730814249e-18,0.0206461292145845,0.0011220975132345,0.0012715015986958,0.0128121717489885,0.0070150748182647,0.0289453817085053,1.4211955471813849e-19,0.0111402829297847,0.0002425252106429,0.0028742032847175,0.0320117623708481,0.0863086841852124,1.3368287225003347e-20,6.600620950520427e-19,0.0132975573154029,0.0802510117029494,0.006138261835632,1.828156035129381e-18,0.0042548593293466,0.0110238597020351,0.0063983411021276,0.0073149492149634,3.715753213454088e-19,9.459660584279396e-19,0.0084212600353655,0.0057405627832333,0.0036218444332412,1.2216598159676094e-20,0.0082296422791717,0.0031987049979298,0.003128133669254,0.0013514029496848,0.005906068063998,4.095426687150354e-05,0.0031385099188061,0.0116978109968247,0.0028026600171122,0.0005056589848771,0.0026298603296567,0.0037862700193,0.0014910541290815,2.3921960924044127e-19,0.0026269571202213,0.0,0.0032959834094914,1.243056785101842e-18,0.0022220511477696,0.0045715046963579,0.0017745316454903,0.0115449841610975,0.0003840939691188,0.0046959920718781,0.0063121308661214,0.0031513833997861,0.0004931903214174,0.0098815986408054,0.0012129826094749,0.0018360976191448,0.0048770612878258,0.0002196756908294,0.0004608487480078,1.8571160770350277e-19,0.0173643208373791,2.874576500763504e-05,0.0010066962899554,2.95922563348109e-19,0.0269173741399523,0.2164578830860411
LogisticRegression,RandomUnderSampler,0.01,0.1377159467500742,0.3470581508492883,0.2803583102400424,0.0220627954047618,0.1251132029365244,0.1183284049014792,0.0142329336716591,0.1237572410030001,0.11830466754719,0.0202845221286371,0.0956059696554358,0.0635442715147827,0.122512880504087,0.0650110333678233,0.0045992390826711,0.0,0.0953337094402097,0.1162411796447104,0.0815131254757425,0.0227171219099412,2.0952563919408567e-18,0.0151924371798731,0.0010309129179168,0.000853298423744,0.0105172960808382,0.0108083559784789,0.0150821317679962,1.6072038818112577e-19,0.0140744847805825,0.0009392522623954,0.0042656799467295,0.0055539457956407,0.0629307647386342,3.7690410211364264e-20,6.119401084074553e-19,0.0096094260872853,0.0736971144494796,0.002950559140485,1.916658971150646e-18,5.254221716116121e-05,0.0162640533397018,0.0007193572067196,0.0048370212340927,2.838492161339804e-19,3.916223686301277e-19,0.0196559941180929,0.0098277465312308,0.0040339039439897,9.249147901193448e-23,0.0035076588501818,0.0077962995885245,0.0031819802757063,0.0023056891315625,0.0132356931053112,0.005544684099451,0.0057324190161544,0.0150636998911076,0.0022695910071309,0.0011082589742148,0.006118459230399,0.0030395921932351,0.0001196106132207,1.222422584224072e-19,0.0022677374437912,0.0,0.0031613884648479,3.009366134059368e-18,0.0047520676156403,0.0030144951498301,0.0017773817938861,0.0008355725839399,0.0021598267858812,0.004368484684972,0.0073161720203353,0.0040445208027108,0.0001034313542966,0.0086083901557622,0.0020008661105611,0.0018253718549112,0.0095419400847861,0.001773897130465,0.0030753769826206,3.890863860537489e-19,0.0186882493670498,0.0034301303676125,7.386870832446125e-05,6.054698841662783e-19,0.0156551548510052,0.2382272759840854
LogisticRegression,SMOTEENN,0.01,0.8671488928751256,0.5667462634388803,0.9454095457499696,0.0501417919168778,0.1504198258951333,0.1465508674956349,0.0284524361060342,0.0845280060730443,0.1274570280004756,0.0239287540407241,0.0397953027038712,0.046021580213472,0.1547113484005824,0.0920653544238901,0.0239095707243504,0.0,0.0836458686770704,0.078102935666004,0.0992157714824808,0.3064971543838439,3.382902740087692e-18,0.0623009545761604,0.0038418132685811,0.0081851975267691,0.0289310128686614,0.0153787039991855,0.066094271566646,4.284752593755239e-19,0.025348753250356,0.0018360386846617,0.0004369446791646,0.0532785339319542,0.0303053774556287,3.0303900545573577e-21,1.435288178095998e-18,0.008792129214161,0.1079303587353499,0.0071980395867756,2.8416257300320532e-18,0.0120812860180936,0.0399322550605048,0.0007849790884609,0.0004127683872465,8.14990374401264e-21,1.582065575347212e-18,0.026007213977938,0.0044180400881838,0.0038431591997168,2.930330208706927e-20,0.0091841379736001,0.0064990530014547,0.006280238271257,0.0007751950295151,0.0095799716410301,0.0058825966938778,0.0073079493013521,0.0244845213567562,0.0011644075850297,0.0060563520869808,0.0075282343387435,0.0101818992874334,0.0015842708407191,5.194791349476164e-19,0.0052545922536246,0.0,0.0038719274365068,2.831888409628841e-18,0.0183857662482385,0.008863885646051,0.0077455857885747,0.0361442964667812,0.0132601786910637,0.0062446346178026,0.0057652808354137,0.0139932138834915,0.0007322958794024,0.0096135289438749,0.0009802943290876,0.0040864393077068,0.0261181554314332,0.0034766379307822,0.0054497929399089,1.8226418853116412e-19,0.0110254249934819,0.001980712840395,0.0016408828290166,3.1063227792073826e-19,0.0667118360880444,0.3230673166788909
LogisticRegression,KMeansSMOTE,0.01,0.1028864104536316,1.025077939545446,0.0481044454728467,0.091100160385972,0.2076039894511785,0.1245478839215104,0.0287593107589811,0.0842526213829902,0.152616089306792,0.0908242250141905,0.0320710111649712,0.0907856770060798,0.2221854411028488,0.047017855697135,0.4414614148539592,0.0,0.03876855227448,0.0737997247313966,0.0613298986029272,0.3493444556226834,3.327039689621425e-18,0.3955044632038275,0.000703815961334,0.0075458448256296,0.0214026926878522,0.0148430578748911,0.0407495450964406,1.2945014961919793e-18,0.084621825102709,0.0160433218621469,0.0173052136493439,0.0544562586881447,0.0130879358561296,1.8791721758457583e-20,1.2960980669340185e-18,0.0039615950442634,0.1465672815633831,0.0914762047749086,1.845004118257658e-18,0.0135928765006109,0.0656316819260201,0.1974727802906039,0.0052198604620282,1.2588368158912645e-17,1.7866482578070526e-18,0.0346612004244744,0.0048551902365389,0.0767732441297224,2.5029513466802975e-20,0.0586593015098711,0.3617328416107035,0.1386735061509024,0.0082046323488992,0.160834666469358,0.1912280089448887,0.0146257973619287,0.2690825038858637,0.0066211482775593,0.1868104094879039,0.0159070921224093,0.0135720424427335,0.0225268203896331,3.2551739651342664e-18,0.2598234256828153,0.0,0.0448489956987748,1.5406740446358163e-17,0.0114896803077406,0.0041490404587577,0.0920502858273844,0.0543351369418782,0.4542409356188044,0.0672069854589141,0.0778487390163313,0.0170820056614549,0.0094299619425447,0.1315718814788052,0.0668783653812257,0.0088699692592462,0.4768837807276301,0.0127603006871388,0.0060732023286545,3.275714616365939e-18,0.0059282797426806,0.1906583911008021,0.0012459657361919,6.838835222047722e-19,0.0662591301208059,0.3070574947918792
LogisticRegression,ClassWeight,0.01,0.6876691068355326,0.4609324466443001,0.7852829612545746,0.0127304134419418,0.1134236313464086,0.1171380166005871,0.0103459915080884,0.1028586726348355,0.1247045883332872,0.0141423594012013,0.0826313045173844,0.0755434229127168,0.1124042970406408,0.0503333712858666,0.000449257193344,0.0,0.0889896457215834,0.0895086109866154,0.0238668716937116,0.117702801592876,3.2611208793487725e-18,0.0370647278044362,0.0021937925973145,0.0034588211599087,0.0175410030190419,0.0098563160847784,0.0434437866128836,2.518572955594991e-19,0.0158086784195472,0.0008987460558095,0.0017201174328194,0.0312521048626406,0.0787811662035817,9.449846825751037e-22,1.3410952097811445e-18,0.0180906539582841,0.0838690375396035,0.0039569370841477,1.4654633420728717e-18,0.002197098494267,0.0259070133664783,0.008145710603574,0.0086611755662809,3.982685507517716e-19,6.496403457994467e-19,0.0004875528928079,0.0105078722986571,0.0054524501152357,2.868889008750109e-20,0.0074571785944825,0.0099581758562204,0.0004318590503671,0.0014791203354148,0.002235143545647,0.0028813298955004,0.003742682511852,0.0113948190598705,0.0026275498241805,0.0023521690265831,0.0028060263528841,0.003280002275802,0.0004808564229652,3.5209629291204156e-20,0.0033200016417386,0.0,0.0016447774128786,3.352727037317645e-18,0.000605722484493,0.004726194983648,0.0033077335010085,0.0035190993562432,0.0053700230572942,0.0031865011440971,0.0075822626722902,0.000211284376432,0.0003165949593485,0.0127574114949775,0.0012602086030474,0.0003166792508571,0.0010586296211253,5.039408783097877e-05,0.0008818180447549,3.0968462275333697e-19,0.0182049524733025,0.0047751599607514,0.0042750238879669,4.8121238068120215e-19,0.0194437684285415,0.2164367998494615
RandomForestClassifier,Baseline,0.01,0.0006780714980583,0.0036483719203445,0.00167569859803,0.0003158155172167,0.0012013810826963,0.0017636012771596,0.0003268781799922,0.0008676790913129,0.0007061479729169,0.0003078483128037,0.0005750404315737,0.0009202240574596,0.0006731617751436,0.0010161922607827,0.0002327708670166,0.0,0.0002570484288355,0.000600367723771,0.0002076633872432,0.000179626665236,6.793134157891041e-10,8.813331558864566e-05,2.512104320349148e-05,2.8395150448508955e-05,8.163019718311138e-05,4.423628476153913e-05,0.0001973345494467,2.3060724847506427e-06,8.822244548561362e-05,1.6124006416552094e-05,1.1821304685288327e-05,0.000116386778975,0.0007242651380118,1.1002729745499814e-07,0.0,9.268087766865376e-05,0.0006406949445756,8.635303980154859e-05,2.490503728824478e-05,6.992219097020409e-05,0.0001698367174164,5.597581824779808e-05,3.754110747838082e-05,7.058427575351592e-06,1.1222443192523191e-05,0.0001929366139978,8.022826687027484e-05,1.880450214137917e-05,0.0,1.6301867676707434e-06,9.095296423770205e-05,6.803027823390233e-05,2.105619271054951e-05,9.826585753908549e-05,4.062312101939848e-05,6.178944117197715e-05,0.0001098489668,1.1662210706756231e-05,5.672940925491613e-05,0.000113713727896,0.0001104757321138,2.554880252945648e-05,9.039823325091673e-06,7.223776144693424e-05,4.757013967529176e-06,1.0920382286874805e-05,1.0466990097449253e-05,8.411296056601469e-05,4.349451020269072e-05,6.650282327822675e-05,0.0002498134502455,0.0001202899551069,4.445892884390733e-05,1.5021139056713014e-05,9.714350320053831e-05,2.2685949907264403e-05,2.233436970231308e-05,1.1571652518879148e-05,6.510414881978879e-05,0.0001627267941628,2.7320394437050942e-05,7.878779760797018e-05,3.768353223519356e-06,3.045541856300292e-05,5.006252659425794e-05,3.998920051202364e-05,3.875064049200475e-06,0.0009831337150347,0.0018904839110094
RandomForestClassifier,RandomUnderSampler,0.01,0.017581963700409,0.0599020123057514,0.0174090955170138,0.00356334817212,0.0192764515591484,0.0257653899021818,0.0034094457950998,0.0179888484745296,0.00650787425651,0.003473104833138,0.009715768878554,0.0116058707615687,0.0067864053847409,0.0164165544931297,0.0018914513877944,0.0,0.0060629646865802,0.015043587662172,0.0068555302064815,0.0017416540784469,0.0,0.0005532625078993,4.382817904256181e-05,7.741039410872919e-05,0.0004184007744844,0.000169895345506,0.0011433114278898,3.762054777288e-07,0.000430028456964,9.242215491066056e-05,1.5302828841121323e-05,0.0012774320098914,0.0110548466192626,0.0,0.0,0.0005640610855721,0.0096328113913409,0.0002723134966485,6.691657332002811e-05,0.0001539970768275,0.0010590069529856,5.4275767562029775e-05,0.0001232873720552,4.050487047762324e-06,5.275133719099152e-06,0.0014625507051639,0.0004032322373495,1.2219454474885284e-05,0.0,4.93932115651019e-07,0.0003337828930158,9.421282185301152e-05,9.900990398639433e-05,0.0004097027826764,2.4721321281698758e-05,0.0002367376680132,0.0003770765147184,2.7163502696898417e-06,7.701532406484452e-05,8.670339776982653e-05,0.0001720513899087,1.900097986793963e-05,5.848193811613392e-06,0.0001453753247268,2.52997915920389e-06,8.314826517116235e-06,8.519835312495698e-06,0.0002973937248714,3.502734382381856e-05,0.0001272333315354,0.0004285415259948,0.0001657479836268,0.0001380929020009,0.0002329314044589,0.0001551739024606,2.451325248998317e-05,0.0001156899384331,2.307991455976029e-06,3.858216517784715e-05,0.0005240350433264,2.4100643526418236e-05,0.0002460425790976,1.5798951342944937e-06,0.0004591295950461,0.0001015350807158,2.2634729919763023e-05,2.711307824210427e-06,0.0106014666313306,0.0415369954311815
RandomForestClassifier,SMOTEENN,0.01,0.0156344863077066,0.0701991722411646,0.0108202823899816,0.0358360082565883,0.0139364243826931,0.0184931832590348,0.0216652750307167,0.0636996382377518,0.0123088709671939,0.0084192074217745,0.0060132834398071,0.0160222871634724,0.0077524831081414,0.0249884964522353,0.0032370382324556,0.0,0.0267967427084984,0.0311402285713805,0.0035057628807906,0.0199142808807149,9.215304213712023e-08,0.0007662149787854,0.0001351156273828,0.000136527799675,0.0004460933995496,0.0002297708847219,0.0013681186130995,1.9890709520508574e-05,0.0003566066141927,8.534444414341987e-05,3.6837019862481295e-05,0.0300838785150164,0.00822966018444,1.0757162825557543e-06,7.415086843561158e-07,0.0025783997551638,0.0274984718003231,0.0003841136538094,0.0002063594474353,0.0006302286725228,0.0041160183360235,0.0003212471067615,0.0002070757280362,4.208910232162745e-05,5.083465283080512e-05,0.0019233594460878,0.0005406586601228,6.67345420878747e-05,0.0,1.3734090624089516e-05,0.0005766155446331,0.0003038103194617,0.0001658484138605,0.0003006233774688,0.0001955423590642,0.0004210551971556,0.0007272860051805,1.4907887223314984e-05,0.0005041108500738,0.0003223747152941,0.0006046795337199,0.0001056418790148,4.870795922445993e-05,0.000529012981623,1.107941245595109e-05,3.4211581177568834e-05,4.778106690079753e-05,0.000762936169089,0.0001721922519164,0.000473262713785,0.002799603453873,0.0007725301357024,0.0002438305040067,0.0001360135620364,0.0007375139383159,7.217580948813025e-05,0.0001225463450231,1.506755754136313e-05,0.0003266156724044,0.0020738549143035,0.0001498942502368,0.0004782267965561,1.1969650603158656e-05,0.0002750399794062,0.0002046308541415,5.401930039642503e-05,1.3826164279160018e-05,0.0069739543609477,0.0361372130793687
RandomForestClassifier,KMeansSMOTE,0.01,0.0442620912444498,0.1488510628532155,0.0221253899802124,0.0213329324787038,0.0097292908105117,0.0084663969437565,0.0111776059259272,0.0334765750351056,0.0122136672889274,0.0212499384759924,0.0094062948884684,0.0136816857856587,0.0082662080880967,0.0186882704065485,0.0127682811080434,0.0,0.0072552519422796,0.0150131570780341,0.0024801918423952,0.0317304787939885,1.6662969036747844e-09,0.0053112702400126,8.715902463956949e-05,0.0002713407032051,0.0002735205134705,0.0002117447548216,0.0008127776738193,3.155980292112537e-07,0.0001530885885261,5.411647273510382e-06,2.219488663904994e-06,0.0176210437182999,0.0051677374222453,1.9873842246161747e-06,4.062855390535895e-07,0.0010349276403663,0.0158965574928013,0.0005857969010773,0.0001756166545855,0.0006754032653069,0.0067431106006938,0.0018985323335504,0.0001923049623866,9.655629256903562e-07,0.0001487947724065,0.002670500891414,0.0005245073111202,3.5554824125228305e-05,0.0,2.14987291008271e-07,0.0044864825249757,0.0013016125059681,0.0012470499193044,0.0005636079567254,0.0002953453529939,0.0007156391517389,0.0017278739862785,4.667514819113125e-05,0.0011116177477966,0.0005018381164942,0.0003206586632847,2.3916706025597665e-05,0.0001028091114217,0.0039281085931323,4.407593207410599e-05,1.425807208871178e-06,0.0005552331672298,0.0007417988093591,0.0001364002049917,0.000381464771848,0.0045899362210305,0.0064801011140937,0.000136553239786,0.0003765608957145,0.0007024562393587,0.0008086158972954,0.0009146342676116,8.550877237374477e-06,0.0004107264179742,0.0136820947593094,0.0001624703711143,0.0004855275747935,3.7799168121109593e-07,0.0004013008248566,0.0006693129822077,9.247556467185292e-05,1.639508271659741e-05,0.0065151820698567,0.0194288335743419
RandomForestClassifier,ClassWeight,0.01,0.0199262992318653,0.0524701294212796,0.0282113613890289,0.0131505165503836,0.0234721671417204,0.032563113939414,0.0040944761578994,0.0134937243948697,0.0159998989970037,0.0030212280271113,0.0239777506502578,0.0239569639423594,0.0192656711652386,0.0203669128798181,0.0019894683509045,0.0,0.0058467137606775,0.0094527471526376,0.0090218082414212,0.0041935676380258,1.7762860757166428e-08,0.000963494235402,0.0001352719395172,0.0002351028994414,0.0003949219799778,0.0001898156696614,0.0012224389055954,1.3870069534364375e-05,0.0004928779548217,0.0001210603456252,4.213823872798342e-05,0.00378367157171,0.0123644381480539,0.0,5.2382104606328794e-09,0.0017084071880981,0.0109831969103661,0.0003576610621136,0.0001867113238739,0.0005557428246858,0.002455541569406,0.0007049036775831,0.0005297619907479,3.4573660037405695e-05,5.317674935549517e-05,0.0016565810826816,0.0012450475282751,5.603840421563059e-05,0.0,3.614504013587721e-06,0.0008884851156677,0.0003366026278741,0.000124915467216,0.0002438967953013,0.0001798077534511,0.000635607898775,0.0005458004461337,1.627297150343952e-05,0.0003466117289579,0.0007483647774772,0.0007186005974891,9.328022640680144e-05,4.34708885947503e-05,0.0007071620487862,1.1801152494219285e-05,4.093695370808978e-05,2.599263044073713e-05,0.0007702311007501,0.0001603737907255,0.0004185802690716,0.0016659245339998,0.0012235392897228,0.0002292619127688,0.0002807591112856,0.0008332072849914,7.927889767699493e-05,0.0004519355397899,3.5434288580132426e-05,0.0002931028683427,0.0013612606446294,0.0001741317076485,0.0006139429139186,1.3812553680966792e-05,0.0009842809481863,0.0002053870869951,6.794017471548019e-05,6.281705297107912e-06,0.0242125136857256,0.0423442159889342
NeuralNetClassifier,Baseline,0.01,0.0020222326692349,0.0034357931967648,0.002470945757091,0.0002693838897638,0.0008329684199074,0.0002469774900786,0.0002248203256176,0.0001521942687177,0.0002926492544677,6.845531607651626e-05,0.0008161758570493,0.0002734592807416,0.0007760607842878,0.0004523349276141,0.0004099667265016,0.0,0.0001731726176866,0.0001577155427702,0.000318721020106,0.0012006406051075,0.0,0.0,0.0,0.0,0.0,9.992350170010724e-05,0.0002341473883608,0.0,0.0,0.0,0.0002883433294221,5.4641572982334127e-05,0.0007255141355488,0.0,0.0,6.967325043055753e-05,0.0003167545820396,0.0,0.0,0.0001323580958889,0.0013328634785645,0.0002816862380062,0.0,0.0,0.0,0.0005387986695216,0.0001170021504709,0.0,0.0,0.0,0.0002234183604295,0.0005179926605028,0.0002446718252195,5.8587542353640615e-05,0.0004796190975703,0.00185080380778,0.0,0.0,0.000254253940012,0.0004644928139137,0.000413595402702,0.0,0.0,2.5196963874362735e-05,0.0,5.180841161940054e-05,0.0,0.000995401924058,0.0,0.0001258768563417,0.0003062164739463,0.0006666623929752,0.0,0.0,0.0005210135470224,0.0,0.0002773903145292,0.0,0.000571403066038,0.0020898107272968,0.0,0.0005959459846356,3.2089162624887654e-05,0.0011412532578588,0.0,0.0,0.0,0.0,0.0006802712614348
NeuralNetClassifier,RandomUnderSampler,0.01,0.000215201977016,0.0563267739573367,0.0197973327934315,0.0004231575038555,0.0172734709200517,0.0123028466620962,0.0009859006719817,0.0066024257286298,0.0221885169484075,0.0030398271495952,0.0149862912418714,0.0090371719407696,0.0163021156837465,0.0125398627463416,0.0003277648250428,0.0,0.0025964612530944,0.0,0.0045433630924078,0.0042781228975922,0.0,0.0039296469041895,0.0,0.0,0.0071970098471285,0.0009870488256543,0.0012109469777658,0.0,0.0,0.0,0.0090823386920684,0.0006715065177537,0.0023441850291082,0.0,0.0,0.000655263991295,0.0056983060788887,0.0,0.0,0.0011796155976116,0.0021019089715048,0.0028727962950043,0.0,0.0,0.0,0.0,0.0021458252887525,0.0,0.0,0.0,0.001840600707338,0.0010823712608247,0.0002928759271723,0.0028019345947678,0.000873133482975,0.0027504513971247,0.0,0.0,0.0010747532105255,0.0003149224090604,4.1719826948393725e-05,0.0,0.0,0.0,0.0,0.0013330524252494,0.0,0.0009512594725433,0.0,0.0,0.0023357888283104,5.015935116749051e-06,0.0,0.0,0.0020698137947193,0.0,0.0,0.0,0.0040314110067179,0.0007955425662272,0.0,0.0006976224362477,0.0007860038253923,0.0058178984278521,0.0,0.0,0.0,0.0,0.0392658319432407
NeuralNetClassifier,SMOTEENN,0.01,0.080861786531068,0.0354281033071241,0.065952873457425,0.0076641096951655,0.0099341532456505,0.0146816486380973,0.0021749008820916,0.0101240976743884,0.0041850502961492,0.0030972435886844,0.0114360366822325,0.0200873608701293,0.0044625405153518,0.0085936059142098,0.0032388778540179,0.0,0.005049823241305,0.0071647691600772,0.0042869859007531,0.0138044481700555,0.0,0.0003712247920837,0.0,0.0,0.0032481172555358,0.003432239127673,0.0060582525920702,0.0,0.0,0.0,0.0052657044973494,0.009913192496125,0.0093431264413582,0.0,0.0,0.0077267527638485,0.0053224537164433,0.0,0.0,0.0011114358307108,0.0085340127411197,0.0026247959877386,0.0,0.0,0.0,0.0046457591671325,0.0072460532040918,0.0,0.0,0.0,0.0045871594575773,0.0045282233064481,0.0016946456379774,0.0011468442215363,1.6481791488084627e-05,0.0128323514380951,0.0,0.0,0.0,0.0,0.0067492420979099,0.0,0.0,0.0028268346513475,0.0,0.0006823163352992,0.0,0.0055014821032946,0.0,0.0003674703102475,0.0002094048801425,0.0067870255569769,0.0,0.0,0.0085779742893516,0.0,0.0006225959937157,0.0,0.0021924552499138,0.0052730938252292,0.0,0.0020904537032945,0.0068447779108422,0.0033518912244863,0.0,0.0,0.0,0.0008039045346406,0.0136529331821157
NeuralNetClassifier,KMeansSMOTE,0.01,0.0046999539188053,0.014566840202178,0.0126450469366309,0.0032681335767849,0.0024234114127433,0.002454039464805,0.0033028785711785,0.0,0.0005486998069587,0.0,0.0012837586815345,0.0083584346011538,0.0028058537037092,0.0025306140183775,0.0062200844406395,0.0,0.0021723449751238,0.0059493601571831,0.0029209025115499,0.0089857435256274,0.0,0.00305332848472,0.0,0.0,0.0010479227719254,0.0043992532642513,0.0042470095240839,0.0,0.0,0.0,0.0025734573044589,0.0008291251613826,0.0073710791075423,0.0,0.0,0.0028957667096675,0.0176948884186145,0.0,0.0,0.0011550241068952,0.0007611411329066,0.0005583536402514,0.0,0.0,0.0,0.0017173849564982,0.0032089019365788,0.0,0.0,0.0,0.0063726379432218,5.094666837067918e-05,0.0011199004962706,0.0016658432331741,0.0017725415365314,0.0021522158305831,0.0,0.0,0.0039432393287711,0.0004154177164797,4.274789261823533e-05,0.0,0.0,0.001325440256453,0.0,0.0036242618839333,0.0,0.0018577514974996,0.0,0.0009594461774597,0.0010393622208626,0.0022927425574332,0.0,0.0,0.0004218389396424,0.0,0.0014497086219869,0.0,0.0004416084550693,0.0132666566279169,0.0,0.0007616311086849,0.0001231017235352,0.0043929191814179,0.0,0.0,0.0,0.0018372995809221,0.0042586159250739
NeuralNetClassifier,ClassWeight,0.01,0.0211717703242869,0.0496146755043869,0.0165156035198829,0.0,0.0234132781440197,0.0142616558385947,0.003361155517464,0.0048480967850998,0.0171919282253005,0.001664390595661,0.0054277330536369,0.0043435283348088,0.0079329657146037,0.0013858254999265,0.0,0.0,0.0047100437979678,0.0065965227002522,0.0038060399042339,0.0002441530968208,0.0,0.0025260690753587,0.0,0.0,0.0037317922667497,0.0003655423583602,0.0029035077078196,0.0,0.0,0.0,0.0082872647763528,0.0,0.0112671652738619,0.0,0.0,0.0027646406395917,0.0058814290444443,0.0,0.0,0.0021440114540578,0.0129797776492816,0.0017431551986262,0.0,0.0,0.0,0.0047148763330119,0.0026080974774171,0.0,0.0,0.0,0.0065295523297341,0.001869046228374,0.0032492805883702,0.0,0.0,0.0195053136119094,0.0,0.0,0.0042783467553825,0.0082427233007485,0.0086052027019968,0.0,0.0,0.0026096737785548,0.0,0.0002462542166527,0.0,0.0064797508899838,0.0,0.0009068326814977,0.0054771005228047,0.0109193555422945,0.0,0.0,0.0062833311889714,0.0,0.0059839890892516,0.0,0.0077111751587007,0.0090591584651095,0.0,0.0059297609041451,0.0,0.0194379538703847,0.0,0.0,0.0,0.0041437388387539,0.0382219327586062
XGBClassifier,Baseline,0.02,0.3590177893638611,0.4343076944351196,0.5125255584716797,0.0517375916242599,0.1222152709960937,0.1479478478431701,0.026625920087099,0.1136033535003662,0.1207687631249427,0.0183742698282003,0.1184757351875305,0.1109880283474922,0.1115065664052963,0.0813600718975067,0.0085863089188933,0.0,0.0729852691292762,0.0542653836309909,0.0423222966492176,0.0097793275490403,0.0,0.0027373773045837,0.0002095727686537,0.0018437983235344,0.0030178867746144,0.0054177516140043,0.0219380743801593,0.0,0.0041519091464579,0.0005900270771235,0.0002394498151261,0.0267091281712055,0.0493291765451431,0.0,0.0,0.005045672878623,0.0448357015848159,0.0045980811119079,0.0004642234998755,0.001412063720636,0.0061873979866504,0.0077446564100682,0.0017919507808983,0.0021212422288954,0.0003191047580912,0.012665924616158,0.003709620796144,0.0007601168472319,0.0,4.682134749600664e-05,0.0045636892318725,0.005344096571207,0.0022932400461286,0.0009034677059389,0.0030833543278276,0.0023263285402208,0.0064124451018869,0.0008141949074342,0.0008109449408948,0.0014604645548388,0.0028266534209251,0.0011428961297497,0.0005789429415017,0.0069254166446626,1.8330920283915475e-05,0.0011513346107676,0.0026000463403761,0.0062779677100479,0.0004423880309332,0.0052255350165069,0.0141095463186502,0.0020435806363821,0.0062487185932695,0.0066626011393964,0.0031947421375662,0.0008231361862272,0.0026386210229247,0.0008170194341801,0.0005388534627854,0.003662388306111,0.0020195811521261,0.0038354438729584,0.0008894193451851,0.0147933317348361,0.0012702026870101,0.0034983456134796,0.0010277249384671,0.0519923083484172,0.2305429428815841
XGBClassifier,RandomUnderSampler,0.02,0.3241603970527649,0.4506515562534332,0.4814244210720062,0.0590553842484951,0.1687281280755996,0.1707386970520019,0.0307266358286142,0.0996781662106514,0.1246271580457687,0.021181745454669,0.1284442394971847,0.1222290396690368,0.1019321531057357,0.064900018274784,0.0067709195427596,0.0,0.0784781873226165,0.0568937882781028,0.0394507274031639,0.010604303330183,0.0,0.0029371762648224,0.0004416982701513,0.0021565330680459,0.0052996836602687,0.0055695516057312,0.0323083065450191,0.0,0.005915111862123,0.0021392263006418,0.0,0.0295520573854446,0.0662017464637756,0.0,0.0,0.0058904313482344,0.0425049103796482,0.0034774688538163,0.0031097247265279,0.0008709968533366,0.00674833310768,0.0097778579220175,0.0037925436627119,0.0,0.0,0.0123977744951844,0.0036574483383446,0.0005200725863687,0.0,0.0,0.0032689007930457,0.0053492970764636,0.0013206824660301,0.0005066126468591,0.0051504122093319,0.0053487955592572,0.0054786051623523,0.0,0.0021132808178663,0.0040142643265426,0.0020471112802624,0.0012428141199052,0.0,0.0087451748549938,0.0,0.0012340078828856,0.002638382371515,0.0118190823122859,0.0010109896538779,0.003089846111834,0.0153168262913823,0.004528499674052,0.0043516512960195,0.004725937731564,0.0023369854316115,0.002554434351623,0.0051670493558049,0.0,0.000898684724234,0.0083595504984259,0.0001686047762632,0.0025229102466255,0.0,0.0110734580084681,0.0023467494174838,0.0033455649390816,0.0,0.0709426328539848,0.2814551293849945
XGBClassifier,SMOTEENN,0.02,0.1448326706886291,0.4735523164272308,0.2602517902851105,0.6737681031227112,0.1129707545042038,0.1608941853046417,0.1860511153936386,0.4778424203395843,0.4192985594272613,0.0434974879026412,0.116950400173664,0.1025214940309524,0.131120428442955,0.4328917562961578,0.0093783605843782,0.0,0.1190935149788856,0.1075184345245361,0.0377826876938343,0.0670362934470176,0.0,0.0094287190586328,0.0,0.0023666403722018,0.0019897783640772,0.0035982409026473,0.0280727092176675,0.0,0.0035192037466913,8.424874249612913e-05,0.0002037891972577,0.1583645045757293,0.0119339199736714,0.0,0.0,0.0132539309561252,0.0954480618238449,0.0048299459740519,0.000130656917463,0.0007522319210693,0.0507750287652015,0.0093274665996432,0.0006859475397504,0.0032852869480848,0.000152490378241,0.023250725120306,0.0025697776582092,0.0008560867863707,0.0,0.0,0.0032187846954911,0.002757491543889,0.0028595507610589,0.0002217349974671,0.0017508362652733,0.001560793374665,0.0065347789786756,0.0005902106058783,0.0006521181785501,0.0024683377705514,0.0016597583889961,0.0004011666751466,0.0005970899364911,0.0091980779543519,0.0,0.0013205249560996,0.0018726245034486,0.0089447563514113,1.4783886399527546e-05,0.0053085442632436,0.0439537726342678,0.0020408094860613,0.0046080215834081,0.0076730120927095,0.0031622701790183,0.0004412342968862,0.0023608664050698,0.0004940684302709,0.0003846802865155,0.0101264491677284,0.002106272149831,0.0027869846671819,0.0007934626773931,0.0161413382738828,0.0004400644102133,0.0034158595371991,0.0008820515940897,0.0293179769068956,0.7369270920753479
XGBClassifier,KMeansSMOTE,0.02,0.2183996737003326,0.3315908908843994,0.2345064729452133,0.6253214478492737,0.1807480007410049,0.1487745642662048,0.1377472728490829,0.3798642754554748,0.3691888153553009,0.0435443446040153,0.1221293732523918,0.0719384625554084,0.1834132522344589,0.3496332466602325,0.0047610239125788,0.0,0.0876692980527877,0.1211444586515426,0.0245046261698007,0.073914960026741,0.0,0.002845324575901,0.0009009236237034,0.0010790565283969,0.0009408424957655,0.0082772253081202,0.0290570594370365,0.0,0.0037054670974612,0.0021799844689667,0.0001133311452576,0.0950982347130775,0.1090110316872596,0.0,0.0,0.053452368825674,0.4578920304775238,0.0061650779098272,9.611263521946968e-05,0.0423442348837852,0.1684689968824386,0.025285480543971,0.0026486320421099,0.0021036914549767,6.871011282783002e-05,0.0176673587411642,0.0567564256489276,0.0022268341854214,0.0,0.0,0.0192558132112026,0.0,0.0050824778154492,0.0,0.000740322691854,0.0603381842374801,0.0040086056105792,0.0003786932793445,0.0050508705899119,0.0070003340952098,0.0120807169005274,0.0001931932638399,0.000572487944737,0.0223507825285196,0.0026427069678902,0.0001119165317504,0.0023474658373743,0.0064916773699223,3.695015038829297e-05,0.0039675696752965,0.0228390879929065,0.0142656294628977,0.0021540774032473,0.0091942874714732,0.0075758974999189,0.003709997748956,0.0024669186677783,0.0,0.0020409643184393,0.0221888702362775,0.0004565655544865,0.0370267145335674,0.0003940016031265,0.0243786815553903,0.0041080396622419,0.0107314158231019,0.0004760541778523,0.0343188941478729,0.7188436985015869
XGBClassifier,ClassWeight,0.02,0.3764014840126037,0.4292038679122925,0.5329574346542358,0.0582340434193611,0.1356118619441986,0.1737139821052551,0.0226468369364738,0.119866743683815,0.1097365394234657,0.0151260057464241,0.133727565407753,0.1069033741950988,0.1098982021212577,0.0922681018710136,0.0087334848940372,0.0,0.0684140548110008,0.0554428994655609,0.0494626984000206,0.0094543360173702,1.625703225727193e-05,0.0026774452999234,0.0005008004372939,0.0030230551492422,0.003037532325834,0.0037625539116561,0.0169445574283599,8.82338426890783e-05,0.0040117395110428,0.0012308594305068,0.000518420129083,0.0246952828019857,0.0554865971207618,0.0,1.215795873577008e-05,0.0076968353241682,0.0414405725896358,0.0019707980100065,0.0017462885007262,0.0037982868961989,0.0228065103292465,0.0132132498547434,0.0043542929925024,0.0048590516671538,0.0005086043966002,0.0061961938627064,0.0104691460728645,0.0023230607621371,0.0,0.0001300173607887,0.0120581500232219,0.0021862133871763,0.0072679282166063,0.0008130054338835,0.002164009027183,0.0054944967851042,0.0025924872606992,0.0009862026199698,0.0040189176797866,0.0080416789278388,0.0032708758953958,0.0007800459279678,0.0018235390307381,0.0037004763726145,0.0001279293210245,0.0005566321196965,0.004709627944976,0.0040054856799542,0.0004785764613188,0.0037455512210726,0.0075083412230014,0.006047414150089,0.0042285043746232,0.0107146129012107,0.0019391672685742,0.0014547640457749,0.0053016589954495,0.0033452855423092,0.0022125109098851,0.0104286791756749,0.0048089483752846,0.004359264858067,0.0012374348007142,0.0203807931393384,0.0048637115396559,0.0075781005434691,0.0012727411231026,0.062720239162445,0.261243462562561
LogisticRegression,Baseline,0.02,0.4557413584856323,0.4244704726772987,0.5453801710476981,0.0030211008748975,0.0969163628545639,0.0233909289853573,0.0177932081041298,0.0910469976424283,0.1202833404169817,0.0147223025465473,0.0723274598308287,0.0914064047104055,0.0920632312816348,0.0836132145483825,0.0029181193114243,0.0,0.1082353231577417,0.1114103230508182,0.0013146365762863,0.0799222466459531,9.947347107967356e-20,0.0188835907271724,0.002158585313615,0.0067649196237771,0.0136568253378894,0.0095099626472965,0.0435072253183566,8.611404561313798e-20,3.845422702818373e-18,0.0015530638817977,1.344771891040315e-19,0.0352515895363299,0.0703053877613212,4.643714146722719e-20,6.52061570900725e-20,0.0088581925212673,0.0646430832617663,0.0061955241851521,0.0022855631304375,0.0014731490820201,0.0150132544639269,0.0084683954233724,0.0007177905258112,0.0027610550688516,8.298334855010121e-19,0.0118983020160925,0.0043369894157933,0.0012404164894053,1.1988994687645333e-21,2.8222796177769747e-19,0.00717205953533,0.002916704058974,0.0034550069621659,1.8332164021154844e-19,0.0049075594256353,0.0042145950410592,0.0121159404641632,1.284655792819665e-18,7.704612653081261e-05,0.0011332342300112,0.001823727807878,2.113766936102364e-18,0.0007993120450449,0.0051775269455294,1.9926007666668133e-19,0.0,0.0043250854995838,0.0030989843755576,1.3826242785059321e-18,0.0042772815558646,0.0086767880674554,0.0010122342673981,0.0034280567906101,0.0113794671386104,0.0034005342215703,0.0006193267996021,0.0042527295042259,0.0007559479602256,1.4128238217474371e-05,0.0003705413668992,0.0058883323941646,0.0016691730665285,2.097088052372284e-18,0.0240070455230889,0.0006906607307213,0.0031063771159216,2.131906641973544e-18,0.0165679296619539,0.2306844904198489
LogisticRegression,RandomUnderSampler,0.02,0.2727241953267223,0.3953669532466646,0.3944347530605665,0.0025730983711384,0.1635648435129162,0.0827937153503824,0.0282916986019492,0.0996905758085184,0.1121045323464232,0.0198446238250048,0.0944172049724172,0.1018190536891454,0.0893596881935032,0.0636990908293895,0.0013165845272528,0.0,0.1044575904886935,0.0933751885792791,0.0043044036973712,0.0837803536190296,7.281635289121593e-20,0.019926141200783,0.0037865364992647,0.0047793639249429,0.0198434969981921,0.0112067405868101,0.0567771047808188,2.9398499066988624e-20,5.061030080491542e-18,0.0016692342505368,1.4658736314305602e-19,0.0253490377130915,0.0628986719439818,3.49866817364602e-19,6.340033640190485e-20,0.0159690244096656,0.0591386105743515,0.0049176848098436,0.0066393648224826,0.000932172803803,0.0087298257365538,0.0114801769269752,0.0011863442014419,0.0013822017362137,1.1678294259415348e-19,0.010298307807048,0.0026531601260218,0.0027150080317722,7.414460866066099e-24,7.349844669611034e-19,0.0097144552822468,0.003674492964832,0.0059051580798391,9.964431462778398e-20,0.0054580216639443,0.0003698171447752,0.0083592172333543,1.6541112827575964e-18,0.001675832766567,0.006696413661966,0.0014701133520753,1.978666016788194e-18,0.0003397356510584,0.0045633842837515,3.033873133074189e-19,0.0,0.0055655613679453,0.0089085808395408,2.306167526159549e-18,0.0036014561806111,0.0100661703044761,0.001175678677411,0.0021701360424022,0.0105266575788931,0.0006240130685103,0.0014993324887765,0.007412864533724,0.0013174894064671,0.0002813544787912,0.0036893231468967,0.0020122684059283,0.0013486649122553,2.7057153019168098e-18,0.018197384468218,0.0014027772998683,0.0030480231590337,2.252802393696188e-18,0.0199965694781846,0.2481008180193647
LogisticRegression,SMOTEENN,0.02,0.8186024323251534,0.6131928143849769,0.8825645457235508,0.0298481135062454,0.1730281172684682,0.1650758852257791,0.0063804074219027,0.0960043904439595,0.1147745110899905,0.0199134978416144,0.0424006837628047,0.0618457426868474,0.1500583757985581,0.1091719141730902,0.01966328840904,0.0,0.1251841322474582,0.1040760356667895,0.0951952504813722,0.2919436306925,9.507356400058309e-20,0.0635824555430783,0.0066278547904846,0.0239445672101076,0.0269405501895795,0.0182542889562075,0.0946071786169194,1.4043998601160897e-19,7.666264967944319e-18,0.0052880668710611,9.31614757913691e-20,0.0458856374812893,0.0295257903601898,8.682412302449706e-20,8.467147161141277e-21,0.0130197115578331,0.0728606434408331,0.0076797639484932,0.0027183233484867,0.007513079240108,0.0435598663576062,0.006630736713294,2.438814250735746e-05,0.0023981894251527,3.884521355539028e-19,0.037269749435215,0.0097232329350749,0.0014783315872526,2.1416055765153004e-21,7.774758897695297e-19,0.0043385428263762,0.005667408440389,0.0007800885418384,2.6059160750782576e-19,0.0095701098977113,0.0136824746150602,0.0245034420943827,1.1849883741472937e-18,0.0054701459216583,0.0031269280541171,0.0061843465986473,3.415805691411437e-18,0.000286751794205,0.0085203639557039,3.8802413121376033e-19,0.0,0.0051101269714534,0.0186775921042865,3.758760432067912e-18,0.0105239137252775,0.0405150712596007,0.0058530427760365,0.0049927081690079,0.0095877105873626,0.0181754294623501,0.0006313372343062,0.0056281618895417,0.001177565101281,0.0003881260540888,0.0110469689689032,0.0016940347019303,0.0087206489345227,2.2983286586061906e-18,0.0205782100240079,0.0003421610821834,0.0017480998522258,2.2149249596935755e-18,0.0491643446219721,0.3593162365332938
LogisticRegression,KMeansSMOTE,0.02,1.7980931593031615,0.5734677276981275,1.3388563568159406,0.0285623230168122,0.2368045480156487,0.1657527296422607,0.0340701547192824,0.1432927693077111,0.1004720413213327,0.1870299941896423,0.0764961496665332,0.0193865249290494,0.2198979041705354,0.3363186409564165,0.041250479548887,0.0,0.0414864890047761,0.1691736116008219,0.064176658803359,0.2741897841028969,2.1339777768989608e-20,0.2348520918001417,0.0118838354098147,0.0091660622623918,0.013719997361649,0.0185065263098899,0.0514297697827929,1.9460472128423801e-19,7.518273772348375e-18,0.0419871540583143,2.423756145775919e-18,0.0345964177577244,0.3655805510549798,2.0530103727520005e-19,3.71381017147152e-19,0.0164212792615822,0.4692028543199766,0.006528711517066,0.0861604301187224,0.0564079547419443,0.260683419506116,0.0635670757509262,0.0134550500787452,0.0033280546870585,4.427913856614869e-19,0.4733596471394455,0.0916028707760573,0.1022352417741279,2.02300919282662e-21,6.76872267596949e-19,0.3408883741621257,0.065101031979769,0.0283732023657371,4.5435481855253795e-18,0.1009600639750215,0.1396470838276103,0.2658075782140597,7.517186557756235e-18,0.104193357576431,0.099918903962515,0.0031726812169917,1.7060666104692537e-17,0.0077701780064403,0.0135397330785662,3.3546953772345626e-18,0.0,0.0076907749559642,0.2168825419598575,3.632541396906268e-17,0.1076570600196827,0.5498362536310301,0.2112107822044365,0.0288018864245671,0.1252448561350059,0.3022039079944486,0.0074302580421136,0.0027061121541801,0.0143794494964924,0.0177506034850069,0.2489514396822095,0.0476187136704943,0.0523740145950891,1.4563714465366357e-19,0.2795265354056435,0.0376617645382133,0.030814157580355,1.1427511058848752e-17,0.0730982959119931,0.3729583704427838
LogisticRegression,ClassWeight,0.02,0.6594808621378923,0.4821588859526506,0.7380931321717918,0.0007560506173033,0.124023491552024,0.1157137668448206,0.0217741519752503,0.1060799849856002,0.110016041462435,0.0198950382790587,0.0875283067354371,0.0796597830994239,0.1075737669434942,0.0628487763203658,0.0044005629311048,0.0,0.1061722052394032,0.0958937596440611,0.0288198965278212,0.1162311467256718,1.0851007162867848e-19,0.0312092270903517,0.0034654228992137,0.0110398498058001,0.016615262952852,0.0119975930960751,0.0569064327371305,5.895169967071183e-20,4.748857112416903e-18,0.0024747565157223,6.636064148921067e-20,0.023416918474027,0.0536051156825324,1.735879158359094e-20,4.800875830342047e-20,0.0134046716903573,0.0676884609816975,0.0046306982740241,0.0014518165768661,0.0006664492868655,0.0147170023960116,0.0105889216215661,0.0008203593710794,0.002675656312404,9.313415961100618e-19,0.0103470670220319,0.0064545298679643,0.003367905138701,2.03540898973046e-21,2.6835025711542447e-19,0.0105103069844756,0.001736002492977,0.0065727141876849,4.467262571394289e-20,0.0037611188540348,0.0020251668104774,0.0105101643959574,1.2525588045646738e-18,0.0004988828784017,0.0053010142049775,0.001694745251144,1.684442460299341e-18,0.0008668356888449,0.0034969961112012,1.9812878401022177e-19,0.0,0.0057321997744456,0.0048662852089866,1.4170484255260026e-18,0.0049549738134754,0.008611009468467,0.0042216854982104,0.0029374508194924,0.0118538023553453,0.0017611161674968,0.0002830093042263,0.0067079852501325,0.0015015463914756,0.0002930318078722,0.0017916341561962,0.0072689080661594,0.0004465047428069,2.6972857210545532e-18,0.0265995376947211,0.0011824804322224,0.0035513271765262,2.386399724060525e-18,0.0091886338017563,0.2302690668816662
RandomForestClassifier,Baseline,0.02,0.0010973129851134,0.0068881343979825,0.0031534392962606,0.0005111545437664,0.0023870654776541,0.0031710778881262,0.0005478889357194,0.0016243397154186,0.0010392038962127,0.0006016899032189,0.0010984472774935,0.00149855896316,0.001165780011192,0.0017246059085664,0.0003635870324622,0.0,0.000631119816635,0.0011657854832977,0.0004752165448966,0.0003206168256529,7.496221442481767e-07,9.99875099885984e-05,2.0035156506522264e-05,6.392280553056203e-05,4.77430888198809e-05,7.649220088278417e-05,0.0002765837177725,1.8873489671040309e-06,6.553572667052382e-05,2.0422916687860634e-05,4.220413098994529e-06,0.0001892954733829,0.0011439853047134,4.453362477137072e-08,4.6072909491568186e-07,0.0001162058728119,0.0011917364312207,0.0001137651899125,3.92811119850922e-05,0.0001330385444901,0.0002127004684123,7.153578092853517e-05,4.345448603185015e-05,1.344659475446946e-05,9.455633735644068e-06,0.0003246209428901,0.0001314733526136,3.148349186819104e-05,0.0,6.817610048030182e-06,0.0001746513927531,0.000129252156651,9.14102563125213e-05,3.774054152911447e-05,9.66965708565743e-05,0.000162472909371,0.0001420077539741,2.4704336144676705e-06,0.000108674206971,0.0001252214674424,0.0001121143956972,2.6414600727451952e-05,3.422100761272734e-05,0.0001672477556933,6.295757839720561e-06,1.7935172031628784e-05,1.895655517810843e-05,0.0001716768628193,2.366684029214455e-05,0.000174759856315,0.0003250488053426,0.0001343019139014,9.561932808174909e-05,2.3457330708606376e-05,0.0001420190890196,3.263173788795916e-05,3.9903465253163104e-05,1.5784102812334563e-05,5.4803289121227485e-05,0.0001674993326665,4.276356096967913e-05,0.0001249699730711,2.2161024634941374e-06,3.2980796103057425e-05,5.668347281475935e-05,3.086676915118788e-05,3.4094141147633017e-06,0.0015485398681074,0.0041263457300367
RandomForestClassifier,RandomUnderSampler,0.02,0.0146558568990006,0.0602919390418022,0.0171356093978698,0.0027903078985615,0.0231770364223827,0.0309925298192387,0.0041966185427151,0.014410866450273,0.0067812016361854,0.0038561457024332,0.0089397425721223,0.0174381285960582,0.0064751558859969,0.0155480541649788,0.0023875263898429,0.0,0.0072187676817955,0.0126693451249267,0.0071355077071498,0.0024639467912222,0.0,0.0003561527289185,1.8970043899242368e-05,0.0001426330185516,0.0001730785749993,0.0001700832829846,0.0019086708913282,0.0,0.0002706569068612,8.984213605245179e-05,1.1111274655581528e-06,0.0014526169057244,0.01302120705246,0.0,0.0,0.0008060217130936,0.0107797891718953,0.0001419766537815,4.1445091352046106e-05,9.162194277577044e-05,0.0006205955460499,0.0004376380691674,0.0001180110160216,6.701023899604821e-06,2.39197998439665e-06,0.0008274126807269,0.0002719775645291,6.052530518024175e-06,0.0,5.546044896349905e-06,0.0003265840365802,0.0002395666838108,3.114330749182479e-05,2.7132061669071664e-05,0.0001178494397178,0.0001338917859194,0.0001519947326946,8.157837193995607e-06,8.722276990848556e-05,0.0001313137335078,0.0001167565754925,3.905380135810239e-05,8.794846177523733e-06,0.000376758296418,1.689536571774343e-06,1.947878490412057e-05,3.413314641060073e-05,0.0005384275583607,2.143174944226344e-05,0.0001844278940999,0.0009662464037632,0.0002537748451871,0.0001714760548219,0.0001429884030976,0.0001480030881016,3.1102547729371625e-05,0.0001581854218,6.118946619367855e-06,6.719082045380515e-05,0.000529655070719,1.9567116520778524e-05,0.0001262823337311,1.0996317208117918e-05,0.0003839361617517,8.010710444676121e-05,2.601402186153224e-05,6.1637007471582345e-06,0.009631090026584,0.0475390892022787
RandomForestClassifier,SMOTEENN,0.02,0.0164692417117618,0.07256120039331,0.011855063417682,0.0390768437425726,0.0175520077339966,0.020472161399357,0.0218191613031062,0.0568038751755869,0.010820589774128,0.0056403118024,0.0066231681943668,0.020988646948386,0.0086738256620304,0.0266834694492087,0.0023057912582565,0.0,0.0277558305072534,0.0331935661112646,0.0065273306265806,0.0168975069705749,3.4259090808470427e-06,0.0005260271435412,7.183474342966392e-05,0.0001737149602773,0.0001918512401967,0.0002071950915638,0.0014828029681538,6.654967541119602e-06,0.0002535210993436,5.08342891996094e-05,1.714054918950469e-05,0.0260608940410003,0.0079168480449742,5.267486941578712e-08,1.3918509348055225e-06,0.0018239255982168,0.0247186722578213,0.0003610659776873,9.477512888466717e-05,0.0004569997424224,0.0033895130357096,0.0002111237414125,0.000186559411045,2.865471208337538e-05,2.6495137525712636e-05,0.0020444473044339,0.0004715393324952,9.081334122983336e-05,0.0,1.5313345736216444e-05,0.0006322738254191,0.00041654161596,0.000159682739944,0.0001743643769514,0.0002325557710052,0.0004242742263328,0.0005705743623757,4.703478180775695e-06,0.0004695098856893,0.0002904339776596,0.0004366284824846,0.0001210343353851,1.7844592988895194e-05,0.0007948225010268,1.2755976476288057e-05,6.968597224589331e-05,4.572941177258331e-05,0.0007574505038059,0.0001330121261728,0.0006611016687781,0.0023768271931607,0.0004431345183783,0.000320230040657,0.0001246592904862,0.0007078588446228,0.0001078166816746,0.0001191540785321,1.5608611396022233e-05,0.0002076874920731,0.0014539328480667,0.0001026192742198,0.0005816047380276,3.906083907291231e-06,0.0004073377559633,0.0001955535593539,0.0001105686848682,8.706859122374491e-06,0.0045598423011606,0.0495325992574113
RandomForestClassifier,KMeansSMOTE,0.02,0.0143273334147706,0.0144636295699316,0.0107501450443876,0.035732418359547,0.0408351035198627,0.0068639661875282,0.0085065015313407,0.0360396846169046,0.0155711607175686,0.0032945523491937,0.0128656036681591,0.0074289531500022,0.0250292626576907,0.0506418069965948,0.0022562156459851,0.0,0.0145546174579903,0.0072643045919795,0.0018710080405768,0.0041552896036797,2.207980619900848e-05,0.0035495174239825,4.748362536627533e-06,0.0005242514423959,0.0003072050307098,0.0004950655236567,0.0017976943787827,1.2552785113758541e-07,0.0002507369398024,0.0001155983703826,6.74689736026532e-05,0.0114991322348011,0.0412382046394159,6.419269938927619e-08,3.7375022704060014e-05,0.0023352222598339,0.0479434294766541,0.0001658362057907,1.7978156548075348e-05,0.0031695865769273,0.0141946641035478,0.0018989640534601,0.0012893754600503,2.9643664970345376e-06,2.9159060372524413e-05,0.0161595113097587,0.0048263809032313,0.0015329536483109,0.0,6.586778541107225e-07,0.0007774922333354,0.0006059489356089,0.0008157878285476,2.493435561295223e-05,0.0002193664179115,0.0064099116250672,0.0013106021376733,4.919815947964939e-07,0.0013069750511689,0.0010502589767618,0.0045913976821803,0.0010433294975863,2.043417549173301e-05,0.0055844146120795,4.662753881967544e-05,2.5100203537852564e-06,3.457130954135413e-05,0.0070726448264386,2.090632262780932e-05,0.0015462652209972,0.0146948201900057,0.0035681146742728,6.744136746132765e-05,0.0007129959350961,0.0113603058654992,0.00112412193578,7.572640612510846e-05,3.606302097152237e-06,0.0001625836974565,0.0106522150274455,3.4600169684369583e-05,0.0021765939315282,5.767651790623962e-05,0.0013165710423659,0.0002551430302808,0.0002459581646734,6.51132817962641e-05,0.0089699368928608,0.0285881420777501
RandomForestClassifier,ClassWeight,0.02,0.0174258847278641,0.0563412712225723,0.0253829381780668,0.0098638218487738,0.0213610897580329,0.0313902386338277,0.0030687784302117,0.0148661656506973,0.0119025081596187,0.0021242353802289,0.0196994029751922,0.0212584947271202,0.0155499837971227,0.0210586382908346,0.001557197041687,0.0,0.0079824953435364,0.0120429314421289,0.010326813329662,0.0036642350582896,1.7958463980158249e-06,0.0006768709604153,7.828098339168975e-05,0.0002222475299031,0.0002794865307496,0.0002955063945787,0.0012510476525649,1.2317306074398068e-06,0.000380643429823,5.374613375837608e-05,9.07228080262216e-06,0.0032030561038798,0.0105040169463296,0.0,6.335959924827464e-07,0.0011535534296087,0.0100960697951109,0.0002843958533736,7.064311654925345e-05,0.0005418975779077,0.0024954866217056,0.0007519143866915,0.0001499396723938,7.889704238971855e-05,1.846617747088497e-05,0.0011675488548078,0.0007944249573657,0.000126899911002,0.0,1.0299505484843006e-05,0.0009427994014184,0.0002715210700853,0.000319763255555,0.0001044985852669,0.0002280677079661,0.0005514562254807,0.0003933520286804,5.206463251787424e-06,0.0005756952668732,0.0004892769540261,0.000366548153177,8.802303306846155e-05,3.349303705789057e-05,0.000474338841871,9.455781851561866e-06,5.177596121973931e-05,0.0001000913810345,0.0006085680274023,7.522099691820989e-05,0.0004988198571003,0.0011865756521613,0.0007370803281388,0.0002631506572797,0.0002758655854945,0.0005222186585744,5.241606490339244e-05,0.0002196912867041,1.8175466636668425e-05,0.0001475514174799,0.0010602834244483,0.0001837601622662,0.0005164428949238,7.690211574915532e-06,0.0012025738891934,0.0002677678214447,0.000169788231822,6.853872502438892e-06,0.0172854955303267,0.0463748174132354
NeuralNetClassifier,Baseline,0.02,0.0055650800468547,0.0048332999280837,0.0093918820947333,0.0002798640246304,0.0007439126038611,0.0014809089314288,0.0002762244018698,0.0011332733931146,0.0010807802968457,0.0003238866376238,0.0028259343285411,0.0009787298496321,0.0001556762534547,0.0011650082489789,0.0003356462175059,0.0,0.0005644564152437,0.0013441899964963,0.0007732381561425,0.0002919548189904,0.0,0.0007922348152688,0.0,0.0,0.0,0.0,2.8549249940733634e-06,0.0,0.0001386031329271,0.0,0.0,0.0008057606865528,0.0002544623676019,0.0,0.0,0.0001765808806823,0.0003911956926403,0.0,3.1019467516842286e-05,0.0001370563972735,0.0032479747307453,0.0005324882273978,0.0,0.0,0.0,0.000399462416867,0.0007415730398662,0.0,0.0,0.0,0.0009241956342952,0.0,0.0,0.0001004475501157,0.0004041771684872,9.322716752749556e-05,0.0,0.0,0.001539460213797,0.000198224602107,8.975833742160197e-05,0.0,0.0,0.0004029825333263,0.0,0.0,0.0009036227794111,0.0012985841478117,0.0002382223751304,0.0013678832280817,0.0027996572555918,0.0012425789474576,0.0,0.0,0.0010025785977407,0.0,0.0,0.0,5.91541702649688e-06,0.0010099903360279,0.0,0.0001865446231253,0.0,0.0011582981338013,0.0,0.0,0.0,0.0003895164200709,0.0020188690567973
NeuralNetClassifier,RandomUnderSampler,0.02,0.0181715602263671,0.0443277530245365,0.0631374286972021,0.0019327988353108,0.0258252217816851,0.0171263647849854,0.0,0.0116735068425086,0.0141199905719018,0.0011658605756878,0.0268336779468059,0.0183430732417149,0.0093676699761899,0.003292717329597,0.0005006984962642,0.0,0.0027131610348647,0.0042851797387668,0.0026081743289623,0.0038156077405016,0.0,0.0017900551195264,0.0,0.0,0.0,0.0,0.0002537747476833,0.0,0.0022973113144832,0.0,0.0,0.0007849104339068,0.0007716540307801,0.0,0.0,0.0,0.0038653330967257,0.0,0.0,0.0,0.0029831405095752,0.0036256498763085,0.0,0.0,0.0,0.0,0.0039355176751656,0.0,0.0,0.0,0.0028415479117015,0.0014284293072122,0.0,0.0,0.0007929783122969,0.0017606100625953,0.0,0.0,0.0019919627123236,0.0026732091794725,0.0006238148336786,0.0,0.0,0.0022516295138941,0.0,0.0,0.0004558080471269,0.002938945167379,0.0006035077163965,0.0014260476929692,0.0012603399757754,0.0,0.0,0.0,0.0010026790912484,0.0,0.0,0.0,0.0015809795917038,0.0028461507634306,0.0,0.0,0.0,0.0042923821924881,0.0,0.0,0.0,0.0023911160411667,0.0385906330247072
NeuralNetClassifier,SMOTEENN,0.02,0.0820195092942369,0.0439244423427946,0.1123683164492205,0.030048140438156,0.0,0.0090634459235058,0.0090652831494163,0.0111858240700326,0.0071764744485953,0.0104828478654133,0.0114617488450726,0.0050381408117754,0.0042065349268663,0.005514433201134,0.0198458095264736,0.0,0.0174705701602355,0.0132214595064931,0.0059681279373239,0.0164125118174935,0.0,0.0112914274539491,0.0,0.0,0.0,0.0,0.0035135490778412,0.0,0.0029575769140975,0.0,0.0,0.0087271899983237,0.0158713034454214,0.0,0.0,0.0072400206467058,0.0264061908975254,0.0,0.0090526275040909,0.0014607691687025,0.0178805825303419,0.0006287553351645,0.0,0.0,0.0,0.0031969448858893,0.0033943045772103,0.0,0.0,0.0,0.0,0.0016025111647334,0.0,0.0,0.0023884085541763,0.0055436466676788,0.0,0.0,0.0029527213696477,0.0,0.0055732012026051,0.0,0.0,0.0020386098444155,0.0,0.0,0.001677837727795,0.0060044029190608,0.0050880590868297,0.0,0.0048665299647183,0.0,0.0,0.0,0.0112113770561787,0.0,0.0,0.0,0.0,0.0019389108083974,0.0,0.0084970314710479,0.0,0.0070998102038239,0.0,0.0,0.0,0.0049888580854871,0.0073615011720649
NeuralNetClassifier,KMeansSMOTE,0.02,0.006255829854054,0.0025045400845218,0.0052688553573807,0.0043046974326028,0.0011512538165772,0.0090860468507858,0.0012308289564215,0.0018357414083536,0.0003651656979825,0.0024580112977884,0.0040769531345828,0.0020704546010669,0.0046523186989961,0.0024442877120406,0.0008786007584815,0.0,0.0004512875954918,0.0003199911931091,0.0002445416515877,0.0001170810073932,0.0,0.0007086329992849,0.0,0.0,0.0,0.0,0.0006095669153885,0.0,0.0018189739096258,0.0,0.0,0.0003307312484776,0.0044782736367368,0.0,0.0,0.0009555298484297,0.0020888362693096,0.0,0.0003102427705122,0.0003059812764745,3.3375012172286614e-05,0.0,0.0,0.0,0.0,0.0016423109889115,0.0006672443461742,0.0,0.0,0.0,0.0017334350039268,0.002150042369978,0.0,0.0005133625283624,0.0014656312690843,0.0002561939140665,0.0,0.0,0.0043864362836716,0.0,0.0008719931362924,0.0,0.0,0.0025626401042011,0.0,0.0,0.0017589388484598,0.002079909581586,0.0011821123039706,0.0003216762239647,0.0031501959099664,0.0012199479621325,0.0,0.0,0.0031932079741745,0.0,0.0,0.0,0.0030082163874578,0.0089056831546639,0.0,0.0001454863750832,0.0,0.002753054780322,0.0,0.0,0.0,0.0008758919627429,0.00572136640592
NeuralNetClassifier,ClassWeight,0.02,0.0321351189066943,0.0482968205475293,0.0853216194238872,0.0014383161886176,0.0215345711967791,0.0154820174082104,0.0019014612139413,0.0208573391433754,0.0174655669607827,0.0016910421701746,0.0237934532772699,0.0135531877229101,0.0118788621517308,0.0063390049760995,0.0024379597946185,0.0,0.0115415690823348,0.0188286369829252,0.0008324247788066,0.0001604718282273,0.0,0.0038948355661366,0.0,0.0,0.0,0.0,0.0014720229325829,0.0,0.0006900641505368,0.0,0.0,0.0006867583894596,0.0026893493218599,0.0,0.0,0.0018536775142471,0.0025547232665173,0.0,0.0028020278707185,0.0013209466253674,0.0152473832410578,0.0069545923160882,0.0,0.0,0.0,0.0039730863437171,0.006437572735657,0.0,0.0,0.0,0.0014652574114044,0.0017069535393288,0.0,0.0026536924373687,0.0,0.0,0.0,0.0,0.0062110033303596,0.0020027526316648,0.0,0.0,0.0,0.0,0.0,0.0,0.0015270353379226,0.0030596561856681,0.0,0.0107089047390269,0.006967106563858,0.0125147274889172,0.0,0.0,0.0037212430023599,0.0,0.0,0.0,0.0029213380141128,0.0036897499724547,0.0,0.0032574444091048,0.0,0.0096701639060367,0.0,0.0,0.0,0.0018954307620085,0.0387765216210435
XGBClassifier,Baseline,0.05,0.3911980092525482,0.464869886636734,0.5295326709747314,0.0539173409342765,0.1307949125766754,0.1415703296661377,0.020830838009715,0.0973551943898201,0.1061513721942901,0.0178447868674993,0.0919123366475105,0.0673168450593948,0.0874950438737869,0.0705014765262603,0.0055075790733098,0.0,0.0586572252213954,0.0527199953794479,0.0323352180421352,0.0108040431514382,0.0,0.0025254671927541,0.0001812025875551,0.0013849162496626,0.004637642763555,0.0015954950358718,0.0163497384637594,0.0001383595517836,0.0077688083983957,0.0041581513360142,0.0005367177072912,0.0253382269293069,0.0484323389828205,0.0,0.0,0.0039463294669985,0.0591242127120494,0.0046028271317481,0.0012812349013984,0.0010868094395846,0.0078379660844802,0.0152344079688191,0.0035425634123384,0.0015875835670158,0.0003270123852416,0.0065824277698993,0.0118365790694952,0.0017004748806357,0.0,8.792553853709251e-05,0.0073279752396047,0.0005480701802298,0.003699303837493,0.0002724499790929,0.0031251618638634,0.0010118930367752,0.006591516546905,0.0006364415748976,0.0009797384263947,0.0008812320884317,0.0023673821706324,0.0013494674349203,0.0014847588026896,0.0007511323783546,0.000304452056298,0.0005345189711079,0.0057698851451277,0.0061840452253818,0.0010623050620779,0.0022729209158569,0.0131499506533145,0.0013732294319197,0.0037318563554435,0.0044023231603205,0.0020378897897899,0.0008405467378906,0.006715620867908,0.0001964027615031,0.001453781267628,0.0050219716504216,0.0027203783392906,0.0021821474656462,0.0006642048829235,0.0126507608219981,0.0034808153286576,0.0015115832211449,0.004688274115324,0.0471843145787715,0.2194106876850128
XGBClassifier,RandomUnderSampler,0.05,0.3485482335090637,0.4563086032867431,0.490777313709259,0.0621904991567134,0.1252472996711731,0.1584208905696869,0.0254564117640256,0.1141657531261444,0.1140806004405021,0.0201901476830244,0.1021245121955871,0.0844514593482017,0.0945915728807449,0.0754932835698127,0.0071952529251575,0.0,0.0661431103944778,0.0473506674170494,0.0321073979139328,0.014069901779294,0.0,0.0034914284478873,0.0008911718614399,0.0024961957242339,0.0062539484351873,0.0014905328862369,0.014958132058382,0.0,0.0086773503571748,0.0045748455449938,0.0002685356303118,0.021923491731286,0.07014100253582,0.0,0.0,0.0066702468320727,0.0437531769275665,0.003968893084675,0.0012219027848914,0.0026995255611836,0.0114260865375399,0.0139876594766974,0.001780405989848,0.0003156052553094,0.0001296782720601,0.0056073628365993,0.0160145480185747,0.0019557764753699,0.0,0.0003110425604972,0.0090818852186203,0.0011296190787106,0.0054341088980436,0.0015837682876735,0.0046229804866015,0.001762434723787,0.0038347032386809,0.0005746687529608,0.0014278221642598,0.0014399235369637,0.0034170642029494,0.0014622061280533,0.0026581652928143,0.000629917893093,0.0,0.000326278648572,0.0052914414554834,0.0055767484009265,0.0012736523058265,0.0020759194158017,0.0115666761994361,0.0019196856301277,0.0034987584222108,0.0040893303230404,0.002464244607836,0.0002654956188052,0.0074211214669048,0.0001283761521335,0.0018092596437782,0.0058824839070439,0.0030857417732477,0.0016699094558134,0.0003123175119981,0.0115645136684179,0.0038347751833498,0.0012354183709248,0.0067854016087949,0.0670365691184997,0.2121836990118026
XGBClassifier,SMOTEENN,0.05,0.1572754234075546,0.5220286250114441,0.2929551303386688,0.461909681558609,0.141823336482048,0.1808582544326782,0.1410521566867828,0.4063448309898376,0.3746675252914428,0.0215708333998918,0.0963347852230072,0.0579070821404457,0.1150793135166168,0.3598671853542328,0.0050242752768099,0.0,0.0985854938626289,0.0936369001865387,0.0502781048417091,0.0231417007744312,0.0,0.0025833304971456,4.389082459965721e-05,0.0008485080907121,0.0042918352410197,0.0013417266309261,0.0183196552097797,0.0,0.0093423752114176,0.0019073113799095,0.0008083813008852,0.1119320839643478,0.0235631540417671,0.0,0.0,0.0041938684880733,0.1114038005471229,0.0050629619508981,0.000651586218737,0.0012578375171869,0.0223639756441116,0.0188978537917137,0.0032142603304237,0.0022152790334075,0.0002467822632752,0.0150140691548585,0.0091398935765028,0.0023676515556871,0.0,6.013096935930662e-05,0.0050625936128199,0.000342908228049,0.0062598586082458,0.0004018026229459,0.0028340753633528,0.0006528293597511,0.0067536965943872,0.0007223016000352,0.0012364111607894,0.0011348098050802,0.0018596653826534,0.0012384383007884,0.0020524770952761,0.0005181154119782,0.0003695530467666,0.0003400076238904,0.0076645337976515,0.0110862497240304,0.0009678279748186,0.0021281049121171,0.0292781870812177,0.000614556542132,0.0026943730190396,0.005454758182168,0.0020389885175973,0.0008910059113986,0.0077265654690563,2.668047272891272e-05,0.0014000774826854,0.0131186805665493,0.0036196552682667,0.0030259964987635,0.0007217854144982,0.0170410219579935,0.004185794852674,0.0018043007003143,0.0044398782774806,0.0472413413226604,0.5755422115325928
LogisticRegression,Baseline,0.05,0.6147848320863745,0.5026495830620284,0.6953786609453061,0.0012151220526831,0.1018779178831187,0.0414550550170461,0.0174115569286773,0.0863425982775389,0.1157221231880029,0.0126379211985226,0.0590072260614219,0.0538063995975028,0.0886595393248115,0.0817962714830217,0.0029319569473349,0.0,0.0917967106417022,0.1156578069643085,0.0177981574152863,0.088473369854789,2.5024558974559408e-20,0.02935469627651,0.001133242852293,0.0071837171697568,0.0094830802907137,3.13076318657435e-18,0.036816109603187,0.0049198368630711,0.0093121524316696,0.0119991528874441,0.0036157908025137,0.0304606414702786,0.0712010495844776,1.718341288043039e-20,1.3380428962397298e-19,0.0029694053486868,0.065177062677479,0.0089620900715258,0.0063331967724076,0.0064614870474887,0.0017215402220187,0.0117370939276553,0.0041473707535934,0.0022754731303034,8.385002548351476e-05,0.0176104262887592,0.004706695080533,0.0019153997826686,2.6369035481128263e-20,5.283420443843954e-19,0.0031932353815885,0.0017471998211963,0.0054770181435532,0.0018089480584805,0.009568133818931,8.436966673839058e-05,0.0117162321908038,8.717059898532395e-19,0.0038148848372684,0.0022080465183225,0.0046174978810944,0.0040446957546158,0.0012192792047189,0.0042889954819065,3.078166268063238e-19,6.077152663001713e-19,0.0096506108605052,0.0063412511138069,0.0012180515320069,0.0077898440945237,0.0156255426968319,0.0029419757639706,0.0016004991415426,3.781622380894965e-18,0.0028965483917753,0.0019779280490273,0.0041694523066863,8.103509261199005e-20,0.0042498462654106,0.0167746244824674,0.0029653332292798,0.0041678226746547,0.0033227928706364,0.0120470415144569,0.0038419839494461,0.0080802799484607,0.0038976417840406,0.0186924563751117,0.2199108479425652
LogisticRegression,RandomUnderSampler,0.05,0.4721306991944405,0.4752949537553131,0.5824064212195753,0.0041657397537929,0.1264997380840194,0.1257607099649033,0.0201269879057299,0.1069843436067335,0.1024509029783588,0.0197794269975098,0.0710775303146447,0.0499154112642669,0.0958618434282928,0.06334347183688,0.0025819625857836,0.0,0.0947425295210528,0.1029078524016074,0.0189271050611568,0.0797610769197471,1.808306468593112e-19,0.0348150875048332,0.0012944012449705,0.0095631861602028,0.0116944271718638,3.53948486620842e-18,0.0389563167827846,0.0062947471756812,0.0097403595446958,0.0115560924631257,0.0006362389309971,0.0248701063339061,0.0743369047538852,2.420710042428428e-20,2.0967944933999992e-19,0.0070308162844548,0.0512841434822824,0.0058326802556626,0.0051790463595014,0.0059438026455206,0.0032842443376199,0.0122428120737362,0.0035781495762049,0.0010724297803716,0.0001155355892149,0.0122443046875285,0.0095272784063733,0.0036226240447035,3.9970929284494276e-20,1.1308143421258e-18,0.0070527529341923,0.0013558639791662,0.0103937232787625,0.0006736172094607,0.0105553307659818,5.320008901603916e-05,0.006775638240443,9.30220395309651e-19,0.0021010166751687,0.0014349959844251,0.0036741208422577,0.0038312267266505,0.0019694156346145,0.0023242807165004,9.074886768946466e-20,2.732239972613696e-19,0.0113443082970685,0.006028323280896,0.0009920289023765,0.0062057610679592,0.0135522291458092,0.0011392042529135,0.0014494944554984,3.913991266650945e-18,3.456658137503529e-07,0.0008454620211829,0.0059778580646363,4.5708047945287776e-20,0.0011980165749603,0.0051713159747447,0.0038895604741282,0.0024917790084948,0.0027517772457157,0.0128941489879284,0.0077267451973708,0.008404616604971,0.0068755830518015,0.0238331354834505,0.2168780347560142
LogisticRegression,SMOTEENN,0.05,0.9365518390130316,0.7628306300559844,1.0155436096427577,0.0265070519820023,0.198263687175046,0.1776960117089616,0.0071188667434925,0.1015118866346137,0.1203947111603118,0.0135562130004847,0.0316518241522425,0.0262377902491606,0.1416426059855284,0.1349546537230311,0.0106334511472203,0.0,0.1225385102050294,0.1335285204030118,0.1041119064905718,0.2906429836669653,2.132885416679941e-19,0.0947655931656542,0.0041027796341328,0.0220238714680903,0.0210136020236844,7.319493246066124e-18,0.0867964562360982,0.0078062247703502,0.021114497634713,0.0237598389223678,0.0012578855997975,0.0343858332991902,0.0226457453967742,4.946510154330796e-20,2.619023588394929e-19,4.60028312048575e-05,0.1005338916854978,0.0223615862997139,0.0142262368035432,0.0381576639713657,0.0830572956948516,0.0042736451395409,0.0287527835446025,0.0024264803943386,0.0021338320389343,0.0852957102791389,0.0139897930370528,0.0023650024165094,4.20907678030732e-20,2.2578850533194392e-18,0.0181530113966747,0.0079478734676542,0.0056919718263953,0.00879038526177,0.0283520501171596,0.0063809030188962,0.0429436296108276,2.3768729173229973e-19,0.0269466551036777,0.0215241674539526,0.0226833127045727,0.0103226511472185,0.0002712858855631,0.0235744063434448,1.5999644149935624e-19,1.450411736342885e-18,0.0021870941350519,0.036909030577106,0.0035144278255376,0.0315446451400738,0.0881967964888051,0.0341109361791598,0.0043081151544335,4.863388577349344e-19,0.0187540322038393,0.0054932315872026,0.0009989106551181,1.8964740693980528e-19,0.0165208894024469,0.1154184658408073,0.0027271401220348,0.0302856653942966,0.0002548101553852,0.0033781912129954,0.0170171486415726,0.0051108325039108,0.0009237311950832,0.0725329953817496,0.3738173435569345
LogisticRegression,KMeansSMOTE,0.05,0.328851676566007,0.5240056431716699,0.6268703977466104,0.0603998604384488,0.1451526091588267,0.1585328121047277,0.0029391085326988,0.0929005639073367,0.1732937719064672,0.0264944646727958,0.053079207974571,0.0635237379991786,0.0753379274760284,0.0035949400880992,0.0057622267172414,0.0,0.0833555023650771,0.127541909204306,0.3570557159156947,0.2320915040351004,3.2293561425456924e-19,0.0843682657561167,0.0032695566949498,0.0205718246917056,0.0379464764248445,7.40166538138187e-18,0.0767738500607309,0.0013622439638656,0.0143525100696961,0.0589760178873515,0.0012896867259421,0.0304807631512495,0.0510330669469595,9.852334919626286e-20,7.688340644177697e-20,0.0186442947871631,0.0068330212509058,0.029752232648377,0.0577762827615462,0.1953153233412152,0.1289564885719985,0.1691386362614216,0.2165124128093553,0.0160002951023588,0.0041361034643156,0.3856692957229231,0.1645175669628252,0.006959964129981,4.624169498171521e-20,9.111360070683958e-20,0.0376075198607232,0.0126782473328914,0.1163404784032929,0.0160845767457016,0.0414612422730382,0.0055338124416348,0.2067463989921898,4.816722295303172e-19,0.0415220449620916,0.1373799946857245,0.1071845484917589,0.0117322675749924,0.0172340914819738,0.1540567552125004,6.232323240929644e-19,1.6497213570010196e-18,0.1049296097707279,0.0057978701802059,0.0049701351456074,0.0481584103028186,0.1403834262611513,0.2299038270644329,0.0145182439120211,3.825989441087885e-17,0.1072196697704004,0.0052489031053992,0.0050363626538213,2.9817432100940782e-19,0.0282308911790577,0.6393954488984132,0.0083287444912734,0.1700785284883431,0.0033116964063572,0.1537832434216569,0.174101890875776,0.0732715086082173,0.0037143716515942,0.0145026455979775,0.2988969238046018
LogisticRegression,ClassWeight,0.05,0.7173590789375445,0.5417664288225431,0.7977191514250016,0.0039528730322668,0.1274599159164202,0.1220208150785305,0.0219007660420831,0.1004264441844202,0.1064507407617628,0.0149512256829714,0.068369719114793,0.0455381073774684,0.0995430921248449,0.0653840711318331,0.0007023133199499,0.0,0.0892586594459269,0.1030990567888263,0.0217572541681236,0.0920558768529498,4.171973435993443e-21,0.0360266399512011,0.0015226748638041,0.0084778382071342,0.0105336754042057,3.7522680298314514e-18,0.0418822035237383,0.0049288874703679,0.0106939310161976,0.0128455013696011,0.0026091533444177,0.0240077910454988,0.0653156629688872,4.5025517282224745e-21,1.4847689902831812e-19,0.0031016293251778,0.0644195757593296,0.0085399195113466,0.0055819554561621,0.0088765262229912,0.0096576155187404,0.0110477204075464,0.0002387748975056,0.0014930333935075,0.0001378108741031,0.0221278475241643,0.0042696541685777,0.0020414920718025,3.9083187237667953e-20,7.990331821498186e-19,0.0025838506674698,0.0016522495526411,0.005152528411954,0.0014656336420312,0.0105760577179366,0.0006026141415525,0.0132916098464302,7.931872882352723e-19,0.0049407216930914,0.0035248898568403,0.0058495028258213,0.0042936562829992,0.0007891171966289,0.0043883034085024,2.1790772315508177e-19,5.851718059494347e-19,0.0094265536549753,0.0101643710949225,0.0012405670833706,0.0098001394137944,0.023587254894804,0.0036572116100508,0.0017484817062906,3.4691649018593545e-18,0.0035558961192904,0.0005308988793378,0.0042206032144716,6.455145681052629e-20,0.0044399071429031,0.0226633368260537,0.0024953701118658,0.0060781602812755,0.0034625786408173,0.0101720154543036,0.0035722027094864,0.0083654050576123,0.003984065022371,0.0126582542218911,0.2238154374511896
RandomForestClassifier,Baseline,0.05,0.0024545443978307,0.0153959421388555,0.0057322268767531,0.0009895999697858,0.0049917782735239,0.0067013815663492,0.0010810167364563,0.0035999917269812,0.0020002818712001,0.0011238384697271,0.0019689927717879,0.0023378909588681,0.0019282926959922,0.0035483458625489,0.0007358710213035,0.0,0.001261106001346,0.0031272018589447,0.0010262974916887,0.0004805069821207,8.072224843551935e-07,0.0001565829347569,5.349034280539922e-05,8.873209163946604e-05,0.0001364217815999,4.820317118569277e-05,0.0004896387753517,3.873547962539005e-06,0.0002472441216137,0.0001182716696875,3.8073581683325913e-06,0.0003174881930628,0.002917015513173,1.1511748368587894e-08,6.070572195910384e-07,0.0001772767672309,0.0028374642437896,0.0002337082237473,5.753807893153912e-05,0.0001849582793018,0.0003737458931916,5.5970733592231816e-05,0.0001560722576478,3.8888151161915326e-05,3.154429055618342e-05,0.0004575849089361,0.0001085039740587,2.7913922534129487e-05,0.0,7.165872379572398e-06,0.0001360849940257,0.0001004711979904,6.190392063489141e-05,9.228333969325884e-05,0.000135188709773,0.000124767451036,0.0003068773379727,3.5098718790746365e-06,0.0002725155323587,0.0002038555342079,0.0001976525947421,4.419475356689179e-05,2.994003756431406e-05,0.0001865292186554,3.715984597688234e-06,2.221705690185657e-05,2.2562029539870623e-05,0.0002994490574841,6.680831020800964e-05,0.0001790575818242,0.0005282753287663,0.0001767418158737,0.0001180441222428,1.324907728821919e-05,0.000239760301503,3.844657377505415e-05,3.710427373356055e-05,1.1359792155480035e-05,0.0001758263023601,0.0004068773841164,2.715102029914679e-05,0.0002336827575873,5.127650211837887e-06,3.735388068487248e-05,8.134797811971876e-05,6.554261891639808e-06,1.5211282082275382e-05,0.002785879424744,0.0089474863313137
RandomForestClassifier,RandomUnderSampler,0.05,0.0153971876222897,0.0632269764576041,0.0191495819465329,0.0041410322473266,0.0200500901296675,0.0336334379521084,0.0037218807303139,0.018027623195435,0.0066183172349301,0.0038647553543664,0.009468309951006,0.0115499979239395,0.0050260242877871,0.0160366587173699,0.0020382421855344,0.0,0.0072070167082274,0.0143085988634868,0.0061299466054823,0.001084344880289,0.0,0.0002873698966316,3.627728864638295e-05,9.39239177741122e-05,0.0003441422644407,5.775219863999749e-05,0.001192642559038,6.769353936615619e-07,0.0004935518879754,5.4129433281737816e-05,2.836743552333233e-06,0.0014049833644002,0.0139660649524717,0.0,0.0,0.0008465472345085,0.0101036104151507,0.0002054981693486,6.60720979384554e-05,0.0001933433400297,0.000765732181411,0.000727957817286,8.261117594246348e-05,6.226914900426531e-06,5.621374671682978e-06,0.0008351830062235,0.000566162819831,2.676045917127021e-05,0.0,3.830492675039115e-06,0.0003416244896993,0.0001136229308971,0.0001493262930469,2.734814802129817e-05,0.0001204239517802,6.219346835326365e-05,0.0002593910808265,4.639922177649745e-06,0.0001698092956004,0.0001180922654717,0.0002276405652282,4.033971749058568e-05,5.007115682821561e-05,0.0001472024664913,9.859360091603747e-07,9.26667822150904e-06,7.72666483375063e-05,0.0003557608706841,3.054417682427501e-05,0.0001379349616838,0.0010210515689692,0.0001437410979494,0.0001354982215715,0.0001090891844234,0.000275851311184,1.8571637155348856e-05,0.0001880000497747,3.3576744328601976e-06,0.0001066825502245,0.0004298770497323,7.246521460397574e-05,0.000175710318366,3.1748568942297183e-06,0.0004645136523504,0.0001043770430607,2.144695728003957e-05,6.977188330893882e-05,0.0120663514844432,0.0425477115799497
RandomForestClassifier,SMOTEENN,0.05,0.0203750499188953,0.081320708224272,0.0163496030147288,0.0453850114057527,0.0214525170252055,0.0291718329267975,0.0203636238121645,0.0550118386299957,0.0143625496309016,0.0028152576643175,0.0073288316467255,0.0185120322589477,0.0089576668962284,0.0327680937501013,0.0017132691241025,0.0,0.0231346367017148,0.0311621807306193,0.0073718242739591,0.0095682420237821,5.045359312588263e-06,0.0005075915305107,3.3662884254675135e-05,0.0001287045922508,0.0001978081113783,0.0001149649170829,0.0013508004538594,3.143381084451187e-06,0.0004574163992025,0.0001220834331476,9.115341854827473e-06,0.0168857468117546,0.0114405211979233,6.27910378219648e-07,2.91837438423714e-06,0.0014022709301387,0.0235186685985902,0.0002843427103419,0.0001096320797055,0.0003992219896251,0.0027297241136562,0.0008623761003281,0.0001435431739999,2.6103974075391253e-05,3.160636060615261e-05,0.001570391697518,0.000392842718804,2.4936912394477485e-05,0.0,1.2515424426360962e-05,0.0002919564241475,0.0002062699739391,0.000138366704583,0.0001021076106415,0.0002137409293953,0.0001678835340061,0.0004875027244736,3.274418886446051e-06,0.0003740100600195,0.0002813706385233,0.0003770257990896,9.129636456707324e-05,2.2621238687201872e-05,0.0003451996992861,2.295997085084684e-06,4.171514666115772e-05,0.0001094389866234,0.0007479623915963,8.1309046776868e-05,0.0002684760863724,0.0023634373827588,0.0003728009578714,0.000178598730867,8.310375174812281e-05,0.0005583964324477,3.4779688010825964e-05,0.0001035985848581,2.1171218066688277e-05,0.0002768528606723,0.0015729566160743,3.898469575590741e-05,0.0004645782438331,5.994577093630705e-06,0.0002542038013812,0.0001334315438249,1.055442178804099e-05,4.7031812928216615e-05,0.0096036445028251,0.0574003152927494
RandomForestClassifier,KMeansSMOTE,0.05,0.0096297083200331,0.0527888744151263,0.0084181708864222,0.0301862083423625,0.0157300386682857,0.0193591502162637,0.013232673744228,0.0454105311339424,0.0074226242502278,0.0019449091479427,0.0055001584581866,0.0083970541800668,0.0062083921364028,0.0292547290108056,0.0016128667965923,0.0,0.0111937902657745,0.0174525888645853,0.0453942633541504,0.0216313385034955,3.507283155064993e-06,0.000920384090406,0.0001141754717726,0.0002971247751806,0.0003104124707238,0.000230408376425,0.0022020310014028,4.064993070421021e-06,0.0003946087454297,0.0002434201299455,2.0518320772695704e-05,0.0084616620125367,0.0066872450632562,0.0,1.0601183561326086e-05,0.0007436918744174,0.0187282361865449,0.0025380498168819,1.232063536572313e-05,0.0014709061341384,0.0490566859804265,0.0021014951313424,0.0009125897560401,3.540741303993659e-05,0.0002512178072561,0.0143213144576772,0.0061324552683543,0.0003738765355433,0.0,9.31076643786924e-06,0.0057264480060939,0.0021857569502809,0.0002306378565831,0.0010555466060683,0.00199940291101,0.001085536639687,0.0025338761549908,2.8507348573465665e-05,0.0042969904484086,0.0013792817489486,0.0007676619101816,0.0006464361307277,8.884011261098843e-06,0.003467900152346,2.588671771233166e-07,0.0001784637320163,5.936185104893273e-05,0.0048148051996216,0.0005356219635594,0.0029791432540237,0.014647067782536,0.0064205702247906,2.7911371841243937e-05,0.0001489609331632,0.0036616763552686,0.0002949154553406,0.0007486930937344,0.0001731882925022,0.0029658580549317,0.0231595915051464,0.000377019224793,0.0042285753509488,6.2272786883184e-05,0.0019767168245468,0.0003426172577768,2.964475797896469e-06,8.43701490267771e-06,0.0051230053162785,0.0460621247757385
RandomForestClassifier,ClassWeight,0.05,0.016091183748429,0.0629140236740879,0.0245309121276785,0.0069695974795983,0.0225261863986842,0.0338352648390318,0.0030466798761169,0.0156601331481744,0.0083213107433321,0.002304327866395,0.0133999540486918,0.013573724922022,0.0107931567632725,0.0193083526635385,0.0015342205780503,0.0,0.0072388945475826,0.0148083426950715,0.0082503429810986,0.0019777133455356,6.520355216246431e-07,0.0004396646944993,6.448947854948364e-05,0.0002118327910071,0.0002624889155333,0.0001195537177476,0.0011880809543306,2.579294524607687e-06,0.0006656759580214,0.0001024037502305,9.338080346895518e-06,0.002153114165249,0.0128355288419005,0.0,7.763745413647456e-07,0.0008460008874061,0.0123759077856024,0.0002527932974251,8.598883936034123e-05,0.0002237998718529,0.0014262062678178,0.0013292782719382,0.0002829374957786,4.710787644808373e-05,1.2273329024683247e-05,0.0007323410921784,0.0008940882598736,5.82182562380334e-05,0.0,5.852384045764757e-06,0.0005904177509485,0.0001154688917787,0.0001976710848042,9.417848106430644e-05,0.0001772618332025,0.0001612283458278,0.0003143538466176,3.852800937997035e-06,0.0003275092698792,0.0003191282183705,0.0002212740609268,7.940542390124346e-05,4.029429405386025e-05,0.0002645488254587,1.7950032371539764e-06,2.689311611306309e-05,0.0002052639733906,0.0004240824367776,5.103136285703605e-05,0.0003266222946217,0.0008995844314053,0.0002590238388448,0.000146854728479,0.0001742304608442,0.0003412930865307,5.293905633933844e-05,0.0002491086944821,8.888342498132393e-06,0.0002273532115471,0.0010049987568362,7.02033838962716e-05,0.0003721949552115,5.338923758584599e-06,0.0008300723615322,0.0001410787558672,2.3665206422933564e-05,0.0001204462966608,0.013562534162121,0.0483065658574611
NeuralNetClassifier,RandomUnderSampler,0.05,0.0225794467796076,0.0556480367085648,0.0575033197566452,0.0016909914596601,0.029263771480023,0.01923024505697,0.0006585638497815,0.0116576895125747,0.0092491292510194,0.0058125475924572,0.0063149176686561,0.0038322788789194,0.0077546024507783,0.0048952451182132,0.000481284831254,0.0,0.004515656925995,0.0059029121659292,0.0005533628852041,0.0072448279283238,0.0,0.00201564373434,0.0,0.0019186223965319,0.0047081751577278,0.0,0.0033359720902795,0.0,0.0004270746991848,0.000511322335906,0.0,0.0025865081073713,0.003390975007416,0.0,0.0,0.0005954748658028,0.0015281420957787,0.0011800729872662,0.0,0.0,0.0,0.0011282368019336,0.0,0.0011250586874289,0.0,0.0013096549986832,0.001292887998171,0.0,0.0,0.0,0.0004734983087464,0.0,0.0,0.0023406910753252,0.0,0.0029086803260277,0.0,0.0,0.0011640918365627,0.0,0.0002863562762024,0.0,0.0,0.0011958330460657,0.0,0.0,0.0037672239312175,0.0014789791035697,0.0,0.0,0.0020289689955312,0.0004701697992045,0.0021066832239667,0.0,0.0,0.0016340379326377,0.0,0.0,0.0004047151253853,2.553455411206729e-05,0.0010255942219107,0.0,0.0,0.0,0.0016590392667076,0.0028886301751879,0.0,0.0016015830397484,0.0265339267122667
NeuralNetClassifier,SMOTEENN,0.05,0.043344379356136,0.0581556425056425,0.0766895411443417,0.0136145634979968,0.0081369151602405,0.0,0.005277059258245,0.0099665628559841,0.0123911271187637,0.014277447879843,0.0020394696428027,0.0111306934071127,0.0096677737353654,0.0002746821972994,0.002960972071224,0.0,0.0201817794065131,0.027172502693854,0.0359585555349528,0.0476555937299461,0.0,0.0066455607891079,0.0,0.0053801308048823,0.0090087333782511,0.0,0.0063142069903275,0.0,0.0061635909616673,0.0003085749891271,0.0,0.0012176419245111,0.0084132416399559,0.0,0.0,0.0009184613208692,0.0314484668230317,0.0029548005071398,0.0,0.0,0.0619836828281136,0.0017293741944421,0.0,0.0087346590289445,0.0,0.050191476190558,0.0108938840323298,0.0,0.0,0.0,0.0046978760487436,0.0,0.0052355662862564,0.0158924915596362,0.0,0.0023556890790754,0.0,0.0,0.0199945473544422,0.0,0.0068391610510151,0.0,0.0114828020622607,0.0116694666565722,0.0,0.0,0.0053378210057359,0.0056387217401206,0.0,0.0,0.0351580079976744,0.0090859469712458,0.0103335742057062,0.0,0.0071109930905443,0.005463314277488,0.0075290336020659,0.0,0.0081363553191193,0.0204613923591112,0.0030589355105304,0.0058896619617247,0.0,0.0,0.0020078038052405,0.0018951047029241,0.0,0.0032121905683425,0.0068656045678689
NeuralNetClassifier,ClassWeight,0.05,0.0370697166220217,0.0725120358467009,0.0772117098665284,0.0016822859772641,0.0218666932236658,0.0162088350320346,0.0005414741325951,0.0109988325882139,0.0165939987723484,0.0010701932576366,0.0055868585954626,0.0004766905590111,0.0088498804387674,0.0027449021846308,0.0,0.0,0.0100783667297883,0.0077494632378204,0.0018232772918042,0.0,0.0,0.0,0.0,0.0,0.0028711006537845,0.0,0.0020586884178411,0.0,0.0009659203967857,0.0017758499700853,0.0,0.0006253411732667,0.0020455461148725,0.0,0.0,0.0018972753896364,0.0035562603137849,0.0005289194304384,0.0,0.0,0.0013996042278518,0.0021080838812256,0.0,0.0018608181287176,0.0,0.0056910662698825,0.0002865571959975,0.0,0.0,0.0,0.0004826409120922,0.0,0.0005591034825671,0.0035152234221363,0.0,0.0038970302676312,0.0,0.0,0.0013971824394932,0.0,0.0012326141410716,0.0,0.000180646928011,0.0035089645531657,0.0,0.0,0.0077537470364342,0.0009238584118987,0.0,0.0019511566018083,0.0030198829181167,0.0033128450033182,0.0014232547945717,0.0,0.0016921594549432,0.0039957752515093,0.0,0.0,0.0,0.0,0.0007337433451719,0.0005895880094963,0.0,0.0,0.0006246348647889,0.0069368442664269,0.0,0.0011508488304881,0.0355715866932626
XGBClassifier,Baseline,0.1,0.3717212677001953,0.4667204320430755,0.4989194869995117,0.063341312110424,0.1341304332017898,0.1376408040523529,0.0161051582545042,0.1026206612586975,0.1167402639985084,0.0195389911532402,0.088927537202835,0.0608170926570892,0.0825456604361534,0.0768338441848754,0.0109179690480232,0.0,0.0488360673189163,0.0365124642848968,0.0374925918877124,0.0090781515464186,0.0,0.0023108050227165,0.0006284723640419,0.0009404612355865,0.0031363787129521,0.0032335564028471,0.0140597056597471,2.020353713305667e-05,0.0108897695317864,0.002301701111719,0.0004587070725392,0.0230507254600524,0.0559742636978626,0.0,0.0,0.0044483207166194,0.0598474368453025,0.0036147171631455,0.0032621019054204,0.001497202203609,0.009460287168622,0.0150341298431158,0.0021521602757275,0.0004979453515261,0.0002596737176645,0.0085416873916983,0.0076689957641065,0.001248906366527,0.0,0.0001074197425623,0.0068342830054461,0.0001868993422249,0.0067813154309988,0.0001282834855373,0.0044264420866966,0.0017414230387657,0.005452596116811,0.0040319673717021,0.0011437707580626,0.0005027609295211,0.0007604094571433,0.0016754143871366,0.0004811520921066,0.0035349172540009,2.392824353592005e-05,0.0021791104227304,0.0034561411011964,0.0042190547101199,0.0008348794071935,0.0029507589060813,0.0102044092491269,0.0007040952914394,0.0050231381319463,0.0155626907944679,0.0018302809912711,0.0006986032240092,0.0051825237460434,0.000293702178169,0.0012118977028876,0.0045469077304005,0.0016777460696175,0.0011136258253827,0.0029709693044424,0.0129192462190985,0.0050526964478194,0.0046981880441308,0.0035277283750474,0.0485620349645614,0.2129693776369094
XGBClassifier,RandomUnderSampler,0.1,0.3581942617893219,0.4535659551620483,0.50257807970047,0.0599431097507476,0.1565479040145874,0.1423991322517395,0.0185512397438287,0.1080807745456695,0.1123405918478965,0.0152297373861074,0.0959679186344146,0.0618311278522014,0.0785185024142265,0.0713627710938453,0.0051333089359104,0.0,0.0475052297115325,0.037074826657772,0.0427495613694191,0.0159065555781126,0.0,0.0017343400977551,0.0002030579489655,0.0013942134100943,0.0034624231047928,0.0036271340213716,0.0131779098883271,2.366952685406432e-05,0.0116030778735876,0.0022868893574923,0.0007939877104945,0.0232457797974348,0.0769313052296638,0.0,0.0,0.0040011955425143,0.0498458892107009,0.0036858997773379,0.0032819986809045,0.0016573156462982,0.0111169349402189,0.0158797651529312,0.0033501191064715,0.0006015807157382,0.0005244828644208,0.0071264561265707,0.0099413683637976,0.0015348508022725,0.0,0.000136843897053,0.0062128617428243,0.0004970699665136,0.0084690023213624,0.0004801974864676,0.0035557886585593,0.0007202338892966,0.0061071054078638,0.003758110338822,0.0005312797729857,0.0010596080683171,0.0009993676794692,0.001177545171231,0.0001347568031633,0.0041973171755671,5.816598059027456e-05,0.0014057110529392,0.0036600334569811,0.004599142819643,0.0006411895155906,0.0037622204981744,0.0096928682178258,0.0006921228487044,0.0051656831055879,0.0144584532827138,0.0025893405545502,0.0005582478479482,0.0032532012555748,0.0002116541436407,0.0023395931348204,0.0098051149398088,0.0024923013988882,0.0008790572173893,0.0032387108076363,0.0123995151370763,0.007059923838824,0.0047138440422713,0.0046282382681965,0.0506328493356704,0.2337748855352401
XGBClassifier,KMeansSMOTE,0.1,0.1953851282596588,0.3497591912746429,0.3032384514808655,0.2996462881565094,0.1902298033237457,0.1356565207242965,0.0983677953481674,0.2774835526943207,0.2586303949356079,0.0127161219716072,0.0924898236989975,0.0501707755029201,0.1166786849498748,0.2559303045272827,0.0048450278118252,0.0,0.0632061958312988,0.0418319143354892,0.0910229384899139,0.0152705563232302,4.295799590181559e-05,0.0020937940571457,0.0008429532754234,0.0010013880673795,0.0008690867689438,0.0012461512815207,0.006025284063071,0.0,0.0066478895023465,0.0013726875185966,0.0005614281399175,0.0326504074037075,0.0337417498230934,0.0,0.0,0.0335307493805885,0.2426168322563171,0.0043061538599431,0.0026818173937499,0.0069679813459515,0.022220354527235,0.024047615006566,0.002591804601252,0.0007260661805048,0.0006589805125258,0.0168144945055246,0.0127305639907717,0.0012483478058129,0.0,0.0001805073698051,0.0017239777371287,0.0030268135014921,0.0109519315883517,0.0020921120885759,0.0007682149298489,0.0031478747259825,0.0026918791700154,0.0029016954358667,0.007981245405972,0.0024145357310771,0.0024221837520599,0.0001831810513976,0.0003671062004286,0.0080887647345662,0.0,0.0007010073750279,0.0045222504995763,0.0132374428212642,0.000638882163912,0.006835495121777,0.0044654933735728,0.0102572860196232,0.0020846528932452,0.0277794431895017,0.018862061202526,0.0003459878498688,0.0040702396072447,1.5633775547030382e-05,0.0021549281664192,0.0270257107913494,0.0015809488249942,0.0063049886375665,0.0036846832372248,0.0187905915081501,0.0118585638701915,0.0046236510388553,0.0046462561003863,0.0413805544376373,0.5204562544822693
XGBClassifier,ClassWeight,0.1,0.3580142557621002,0.4599781334400177,0.487858384847641,0.0525508373975753,0.1479775607585907,0.1397215127944946,0.0169355981051921,0.1057626754045486,0.1111152619123458,0.0196953769773244,0.0963918715715408,0.0598496906459331,0.0800356566905975,0.0782121494412422,0.010297012515366,0.0,0.0462958440184593,0.0379740744829177,0.0393367893993854,0.0113001409918069,7.312929665204138e-05,0.0021891561336815,0.0006498678703792,0.0010599007364362,0.0030776103958487,0.0031890908721834,0.013164022937417,4.69142323709093e-05,0.0110059585422277,0.0021390449255704,0.0005961112910881,0.0255490522831678,0.0635989159345626,0.0,5.063237040303648e-05,0.0037997940089553,0.0545717179775238,0.0027307281270623,0.0026689791120588,0.0016694072401151,0.0109359072521328,0.016884384676814,0.0025614448823034,0.0005981501890346,0.0006046504131518,0.0075746136717498,0.0090122167021036,0.0018985474016517,0.0,0.0002250443358207,0.008138776756823,0.0004168018931522,0.0084750102832913,0.0003670239530038,0.0033307960256934,0.0020746989175677,0.0049678008072078,0.0044357571750879,0.000681696285028,0.0009835467208176,0.0004899299819953,0.0010939098428934,0.0004992533358745,0.0029909473378211,5.256049917079508e-05,0.001917946152389,0.003445508191362,0.0041083032265305,0.00081785680959,0.0023146304301917,0.0090376213192939,0.00115164113231,0.0046778344549238,0.017805403098464,0.0026599699631333,0.000866511138156,0.0059407609514892,0.0001196579760289,0.000815586594399,0.0043136249296367,0.0022544751409441,0.000543636502698,0.0039823893457651,0.0143786501139402,0.0064594987779855,0.0050438102334737,0.0046845152974128,0.0481848195195198,0.2181553840637207
LogisticRegression,Baseline,0.1,0.6446923381820868,0.5168503971244323,0.7108015604720311,0.0040394140369838,0.1198625773396035,0.095752203088994,0.015073361014083,0.0848805575303331,0.116576966412133,0.0161999388908946,0.0595199256645763,0.048450156899546,0.0853186298195103,0.0875738500314531,0.0042228315836623,0.0,0.0896520351855152,0.0898593915979385,0.0044252078419211,0.0720697723968105,2.894825970517112e-19,0.0295732533228388,0.0024781560359496,0.0116037928128108,0.0059860790581766,0.0079637571695908,0.0319643306221799,4.653918211279232e-20,0.0201234880149286,0.0050418685682692,0.0031017221127637,0.028993758556167,0.0593561006989011,1.740721319582861e-19,1.084242654895933e-19,0.0083447338458913,0.0721874415816431,0.0073766390386668,0.0060157765084341,0.0018061057395943,0.0007535183697164,0.0145044952308541,0.0029756615274643,0.0,0.000158673683643,0.0164026296009657,0.0052898610141146,0.0006926423637264,1.2076881779902973e-20,0.0004691452406783,0.0032849192959655,0.0019495838569991,0.0054881562702637,0.0003231004667114,0.0054695833677505,0.0007046891864639,0.003915844375268,0.0023549532456682,0.0038126127282245,0.0022991707635738,0.0043166271007243,0.004995524331366,6.022550011479938e-19,0.010906193746698,1.1635622409843616e-19,0.0052787761847892,0.0069437468606701,0.0038103308154802,1.0701785669604889e-18,0.0059405957551193,0.0115851776915265,0.0035532627854536,0.0107822028493439,0.0116467562296994,0.0036249449613079,0.0006046178830971,0.0015304898183731,3.008400012402269e-19,0.0012710683525212,0.0121069655111002,0.0006620134633024,0.0021077831373569,0.0016423484834784,0.0172849627788659,0.0024121841461712,0.0026670260167893,0.0026507768966635,0.0143471274332776,0.2194514369349898
LogisticRegression,RandomUnderSampler,0.1,0.5900320489494323,0.5149971682172689,0.678721105910919,0.0019547801488995,0.1548312353194713,0.16221700355993,0.0155764348380834,0.098217400494453,0.1072000758823056,0.0170181976866336,0.063722407194691,0.0434507858007149,0.089230006954115,0.0749248074893636,0.0037353359560411,0.0,0.0851512306012447,0.0804627560823269,0.0168214643594001,0.0406470931871989,6.699356681623308e-19,0.0273745048454367,0.0027864354483974,0.0083960425005267,0.0058427141807522,0.008593492387462,0.0291037768258918,5.443635986428843e-20,0.0208973912662381,0.004311917798649,0.0045529275940015,0.0219077615321523,0.0616795446479188,1.6259542004071331e-19,4.7000751246286266e-21,0.011395633044064,0.0697597847977212,0.0067294309017012,0.0050599112148428,0.0010470865638742,0.0009855070250992,0.0154118084547889,0.0043911377187262,0.0,0.0001626228594659,0.0142263527739667,0.0093370971439946,0.0007092920889982,5.441783769231003e-20,0.0005097813386947,0.0050284726804057,0.0011671009664715,0.0083342489944519,8.443576444657794e-06,0.0041671456596849,5.79737390864684e-05,0.0040784618482179,0.0021212884391024,0.002558861941425,0.000587110069567,0.0045476379284719,0.0040996579144427,1.5350727657118773e-19,0.0107033782387201,9.969904226836036e-20,0.003754435558724,0.0074719424111275,0.0048300749880355,7.030508806295404e-19,0.0072000065420853,0.0114210233743677,0.0012455646523881,0.0103043994236196,0.0106479427454418,0.0058750340960908,0.0004881762562785,0.0012601236238321,2.8376774063074803e-19,0.0016861319930056,0.0189862423668329,0.0009214267963724,0.0006511330981708,0.001790689891103,0.0167156226816842,0.0051081018525713,0.003137196110867,0.0045112226046544,0.0120927510953713,0.2310368368874776
LogisticRegression,SMOTEENN,0.1,0.9476384859626712,0.836980553142618,1.0219698702076334,0.0345526997080449,0.2476126502208737,0.2705002298253759,0.0071854974187512,0.1175161161688952,0.1294045358188758,0.0115082513125718,0.0381722264496412,0.0330633241344746,0.144517308308432,0.1523043828840093,0.0164730763844064,0.0,0.1351243677196962,0.1261232090689956,0.086320023729666,0.2692141663001043,6.963345569935768e-19,0.1111353514118771,0.0114903637478032,0.0392909805843994,0.0159563594053305,0.0212928306247927,0.0886155030774715,1.2839841820963636e-19,0.0485003767134356,0.0119861239228643,0.0004606695826881,0.0452816398024824,0.0023753994249037,2.7677820360991143e-19,2.6066460653055155e-19,0.024970035223179,0.1329699642498375,0.0201088131146735,0.0158732244060932,0.023549847237735,0.0970062912946564,0.0010759099529709,0.0097081468579794,0.0,0.0024527850671991,0.0799420259989229,0.0216691490096766,0.0003094313568771,2.2074842489607663e-19,0.003093373845611,0.0290294991289587,0.0121525065102922,0.0013868551917751,0.0020024244390153,0.0146488904865303,0.0081697777521533,0.0170623928800716,0.0012541031726092,0.0255164950284127,0.0382807103769214,0.0210114141015441,0.0138907422923321,6.792108189253263e-19,0.0475437178343123,1.0823264644279148e-18,0.0136411322014945,0.000416777034569,0.0256686979034383,3.1788293463167133e-18,0.0274264109597049,0.061169092760007,0.0241499573377238,0.0304013575092539,0.0053364403449595,0.0468073691856811,0.0014863704919641,0.0009546230880046,7.803164721941637e-19,0.0056576003433732,0.0976145476637572,0.0011585808737962,0.0164915262209188,0.0006398992556871,0.0018913920867887,0.0094006415315105,0.0001636268160512,0.0012800009347071,0.0717673156916901,0.4071254698976637
LogisticRegression,KMeansSMOTE,0.1,1.0037649389571963,0.5066017511194789,0.8171683269643245,0.0079610010209787,0.2920389230641039,0.1510979019047517,0.0589469026052422,0.0668887444660214,0.0538131049456972,5.836531702012711e-05,0.0698688494189081,0.004452928627977,0.2264543155945173,0.0621135099691214,0.0129923024915227,0.0,0.1070138731733239,0.0413829338666252,0.0746418852208752,0.287608168043657,5.153692778848299e-19,0.1169409869950458,0.0081788924945089,0.0357384008859741,0.0130154210307994,0.0192782067592508,0.0824840834414386,1.7549106515214182e-19,0.0309712814036082,0.0261106750243266,0.003611142797136,0.0003194200800455,0.0111235835659493,2.161821310291426e-19,1.581643009140113e-19,0.292580819253789,0.3658757628225836,0.0241465129244719,0.0200903677052574,0.0373758314161757,0.0539812717372037,0.130394370249604,0.0150996727185806,0.0,0.0025891753694907,0.2690344314135002,0.1730302914870507,0.0015255600010129,8.864945847315373e-21,0.0010584498495966,0.0410369649167957,0.0482594002139904,0.0675212274625963,0.0098820690910108,0.0333827095305831,0.0150362897600267,0.0207152253291336,0.0018503736158328,0.0354832807887301,0.0633775140468735,0.0672460176286036,0.0226969171963902,2.4176560171727633e-18,0.1681062714869809,1.0236112935901964e-18,0.0146181877792729,0.0599430912339514,0.0334865873494775,3.6562381667164676e-18,0.0933982845412375,0.0157792458344519,0.0425757548302966,0.0301664943342875,0.0806580817908978,0.2024872971540977,0.0037892067996038,0.0055311639822702,2.297918806003356e-18,0.0083147624703187,0.3509302251878197,0.0024111949652505,0.0688924113657695,0.0124537110327729,0.1472538333741437,0.0753718015307058,0.001624242204502,0.0222562497251034,0.1261817888183297,0.335146162765486
LogisticRegression,ClassWeight,0.1,0.7025706424165183,0.5439105489449976,0.771806965962872,0.0003855981485102,0.1516359015538304,0.1509050366169487,0.0166361082659824,0.0963133082159987,0.108373642156519,0.0186671700768007,0.0652086247242514,0.0470620258927116,0.0879771371730271,0.0740765177798839,0.0081856991589831,0.0,0.0879620303188472,0.0827430875083459,0.0005275976184582,0.0651422020016475,3.1741375528699174e-19,0.0318463322314268,0.0030723962837933,0.0124466972437666,0.0064549115484178,0.0087354484117972,0.0333770175526372,5.0317040931975234e-20,0.0217859873797626,0.0049429453077646,0.0027926339622802,0.0258451741347737,0.0428570271053339,2.2213808310769515e-19,1.4505456138198133e-19,0.0146735537475537,0.080905129004303,0.0068100758249535,0.0055452344555912,0.0025434088462981,0.0053964051557093,0.0142091795722325,0.0020325219278453,0.0,0.0001408800132289,0.0186579119781687,0.006174038976341,0.0007551671189716,1.81677935987552e-20,0.0007613389832326,0.0033881739704301,0.0012745880327393,0.0060896081263947,0.0001980524128718,0.0048812869351724,7.348450344660273e-05,0.0043599042650694,0.0021652895940397,0.0040682587159439,0.0033695353548832,0.0041286812657481,0.0048668073565596,6.233145501132193e-19,0.0108236639554352,1.6823201953386286e-19,0.0054666006731802,0.0066358797007833,0.0056188365059281,1.1174357746144216e-18,0.0067804125244348,0.013987727424942,0.0032085073912939,0.0110143965690239,0.0109952291592318,0.0041922362408321,0.0004534857708903,0.0016959160677417,2.353194779309826e-19,0.0010860915174607,0.0150441656300032,0.0005733755411476,0.002395532906648,0.0016531743974896,0.0162953120880919,0.0030321875907955,0.0027233978945174,0.0028292025044537,0.0124046953059182,0.2232708333517964
RandomForestClassifier,Baseline,0.1,0.0040311421738937,0.0279991523369584,0.0103857508976482,0.0015436323486927,0.0101518971730971,0.0127497355169384,0.0016812957380664,0.0068403579102383,0.0037697634482972,0.0018413043383746,0.0035555083072938,0.0039814751617049,0.0030921327578862,0.0068325778550014,0.000727368761612,0.0,0.002366776815628,0.0051861124465402,0.0025301026183633,0.0007619981727036,1.904194175752188e-06,0.0002531774700717,4.498213975284523e-05,0.0001243087686353,0.0001275909518504,0.0001407491247338,0.0007792070029952,2.298216440013231e-06,0.0005899610715442,9.644662707551934e-05,2.761077886504546e-06,0.000500117720493,0.0053207364399269,0.0,5.314581953390485e-07,0.0002766050859011,0.004914858793437,0.0001999353748434,0.0001383102167943,0.0001725590475651,0.0004316466255888,0.0001868489128832,6.481101000160596e-05,3.441792518913412e-06,3.441558506194915e-05,0.0007314851144284,7.175221761557787e-05,3.4675188382496386e-05,0.0,2.506968952981701e-05,0.0001413118860832,0.0001077839528763,3.829344163291299e-05,7.781745555221926e-05,0.0001881683527471,0.0001144870432776,0.0003315462509347,3.3742723252950206e-06,0.0002697881074753,0.0002433978589381,0.0001220414943061,8.338936798791322e-05,8.038206088769992e-06,0.0003628810927353,5.3413003239725e-06,6.492819175370334e-05,1.3839067539629052e-05,0.0002623408660182,4.883225067086466e-05,0.0002726554987153,0.0007153807685048,0.000263741879431,0.0002615655765133,0.0001298193817323,0.000367481568207,4.169951205676881e-05,3.549540134751427e-05,1.2677904471149236e-05,0.0001541483194784,0.0004786244007238,3.63451036684428e-05,0.0001776660574777,3.885318555579611e-06,0.0001854847621961,9.527222961367849e-05,1.8515364803910084e-05,2.088320879868225e-05,0.0060241037251657,0.0162331236699661
RandomForestClassifier,RandomUnderSampler,0.1,0.0141104779608617,0.0651252100375254,0.0202438947788856,0.0041093259807317,0.0248343603616149,0.0332953218284238,0.0032966342751341,0.018960639393618,0.0079913157983238,0.0032681375397698,0.0094773132131762,0.0097303186692437,0.0056632714158302,0.0171431649349469,0.0014726970710478,0.0,0.0059995082670136,0.0131560606175184,0.007613586858027,0.0014810458117698,9.962695446670771e-07,0.000311730504221,1.735906670347886e-05,7.06113622487679e-05,0.0001426238197641,0.0001620003829324,0.0013612698215673,8.725061562666293e-07,0.0009481919678833,5.082217232485097e-05,1.4150355276725043e-05,0.0010884368066814,0.0150425821524165,0.0,0.0,0.0007309555208865,0.0111743252798292,0.0002030148048171,0.0001076879093818,0.0001385299338163,0.0011819118290253,0.0009847892750827,0.0001383726598918,1.309695277357243e-05,2.3647974009821005e-05,0.0008612876149466,0.0003337694256933,1.1227205087730096e-05,0.0,2.4510193871433604e-06,0.0003115626009953,4.756407675579907e-05,0.0002373972835293,1.722724463959649e-05,0.0001135534762209,9.140513457228169e-05,0.0002590583463675,1.755211210487838e-05,0.0001206075849867,9.020689180716004e-05,9.439098635451794e-05,5.118162879603887e-05,2.226696490202546e-06,0.0004003635003888,1.234786816302133e-06,2.0137459595853763e-05,6.808488176499531e-05,0.0003132264536482,1.78087259433266e-05,0.0001823700960375,0.0008461851555585,0.0001507670475468,0.0002130166351867,0.0006697599752758,0.0003259130228353,1.8490753782363524e-05,7.991847933738e-05,4.668601777664521e-06,0.000135988943738,0.000745237441236,5.764620089524199e-05,0.0001005967584002,3.092037057951348e-05,0.0007843356381129,0.0001904158913598,4.7431375687000606e-05,4.007653475303703e-05,0.0124760349423568,0.0457594791954159
RandomForestClassifier,SMOTEENN,0.1,0.0226213612747919,0.0906991067949316,0.0155379026121183,0.0345983933108594,0.0282029524638508,0.0355913971613075,0.0172144053473648,0.0479579695203174,0.0173560012819003,0.0025607609002303,0.0080705583178723,0.0187717011688442,0.0083685838236127,0.0378011392221174,0.0013386676530073,0.0,0.0198428072365189,0.0289926238687166,0.0094527674914496,0.0066138894742722,1.2930035503516254e-05,0.0003835390788829,3.9694301927866446e-05,0.0001134182847136,0.0001300976259223,0.0001358654916839,0.0014934499114505,2.911418163262632e-06,0.0007734778495505,4.872768843327999e-05,9.696937162137053e-06,0.0106840896152448,0.0137934486886689,5.113156620416464e-07,1.907587413144834e-06,0.0008907664305427,0.0213535441689362,0.0002117835823366,0.0001132917309511,0.0002718657686045,0.0016156289478091,0.000814071789032,6.984089136387835e-05,9.630802280986514e-06,2.8909542075030626e-05,0.0016072650123286,0.0001842316352782,2.740563694250425e-05,1.635848228000447e-08,8.506003495806408e-06,0.0002883073705912,0.0001029613934271,0.0002059065975799,3.996466021006361e-05,0.0001301600906124,0.0001415957424597,0.0004450902348769,2.231027887236596e-05,0.0003378899310839,0.0001514701075654,0.0001684685808698,6.640412083645312e-05,7.244274629430339e-06,0.0004661722124547,2.918683823513259e-06,2.541452733648828e-05,6.494010507635598e-05,0.0004738766348876,4.745545966627644e-05,0.0002134170574831,0.0016522350611849,0.0003292457190912,0.0001235793422266,0.0008357910973784,0.0004156795548757,4.066476042559724e-05,0.0001023638828649,9.717251536026696e-06,0.0001356397635561,0.0012253502053388,3.815432132897638e-05,0.0002319363678824,4.085518208203024e-05,0.0008252648537009,0.0001411761805136,5.6965118112302864e-05,1.9993837015951344e-05,0.0101119111970553,0.0574477255241082
RandomForestClassifier,KMeansSMOTE,0.1,0.0130628961867532,0.0305505898484329,0.0075892571092198,0.0253900330658489,0.0462044806255566,0.0126975891004855,0.0127814264085378,0.0273680556658279,0.009785754202853,0.0032265911118212,0.0164386051421452,0.0067796227836331,0.0220783179821382,0.0472897441703108,0.002613586864785,0.0,0.0064570965241062,0.0044872937474756,0.0246751035675244,0.0071382732392441,3.563921871044407e-05,0.0007341280740362,4.71720983362007e-05,0.0002357179633674,0.0002198057283457,0.0002186782319742,0.0012582789270849,1.9382077740789234e-05,0.0002969587576293,0.0004642210568644,2.801736637047643e-06,0.0024412167328727,0.0163772587585051,0.0,1.4645419505905197e-06,0.01712953973713,0.0659369597614025,0.0014983245343976,0.000666727372233,0.0024848407879287,0.0055622867152082,0.0033178216543594,0.0003808965870198,6.3004661839107534e-06,5.934492348197261e-05,0.0128837444356357,0.0028208152683365,0.0001488606337499,0.0,1.4117619017302077e-05,0.0013505382660834,0.0003429326623191,0.0006135204647338,8.701453214985464e-05,0.0001677153347745,0.0013058834156261,0.0002917219154146,3.305855297989228e-05,0.0024832688147422,0.001482135484067,0.0003112686773542,1.1800008043593747e-05,0.0001444711445088,0.0034270765169376,1.762168276057994e-05,0.0001738341960427,8.958959152547368e-05,0.0030988283425907,0.0002459063334912,0.0022271660061069,0.0025049642290167,0.0042546954023433,0.0007279636766642,0.0031520774547795,0.0076340403881467,0.0002567631575403,0.0006440493797769,1.616863822700847e-06,0.0011658975028869,0.0168200442178323,0.0002084597413431,0.0018327138339861,1.7833613381161164e-05,0.0026586043289894,0.0011956589432947,8.793473997252882e-05,1.147206001244796e-05,0.0107197363524976,0.0409470209968584
NeuralNetClassifier,Baseline,0.1,0.0339809849021002,0.0342780521611866,0.0417201618256391,0.0008177627072067,0.0076306218372508,0.0049004376299195,0.0008958892838955,0.0038597252224563,0.0045658758148544,0.0003121698619218,0.0022837999204569,0.001673670282776,0.0049523812348859,0.0013424586395707,0.0003706604197909,0.0,0.0017874008205366,0.0002295927493543,0.0018316382421463,0.0009455339151019,0.0,0.0005666492525828,0.0005138340977543,0.0,0.0026813612279912,0.0,0.0006369316553189,0.0,0.0004462009581377,0.0,0.0,0.0006305528533184,0.0015438424691961,0.0,0.0,0.0002284902985167,0.0023474671211151,0.0,0.0,0.002546010341331,0.0017156265124825,0.0005178359503475,0.001126550485963,0.0,0.0,0.0,9.635982153710332e-05,0.0,0.0,0.0,0.0019129307856645,0.0,0.0,0.0003384904505673,0.0,0.0008682704615965,0.0029016174272468,0.0,0.0011003118120431,0.0,0.0012017622584605,0.0010658779217387,0.0,0.0019030908210838,0.0,0.0003933796369518,0.0,0.00494647526056,0.0,0.0008956163101406,0.0020198905697705,0.0014626144199998,0.0,0.0059670028432421,0.0009733769051199,0.0,0.0,0.0,0.0010380578213314,0.0017916626618107,0.0010198124763437,0.0016875596031702,0.0,0.0,0.0,0.0019621069092825,0.0,0.0001363505277288,0.0068391418966238
NeuralNetClassifier,RandomUnderSampler,0.1,0.0526482330898283,0.0766644001480549,0.0815446652941642,0.0009230302542435,0.0193049648535431,0.022034027224668,0.0001059916510377,0.0211965003009793,0.009773387743377,0.0013123186942788,0.0079527737770812,0.0030805439102914,0.0108877094436868,0.0047487307611626,0.0007160462309707,0.0,0.0064065618776789,0.0012547237077598,0.0055113236491575,0.0014927078653871,0.0,0.0007778349894284,0.0,0.0025565964727112,0.0027232579219297,0.0,0.0010048691398888,0.0,0.0013199527929017,0.0,0.0,0.0004300512558937,0.0086705966075838,0.0,0.0,0.0015047159113524,0.0005634108034512,0.0006986734840384,0.0,0.0,0.0011612195747802,0.000862346485827,0.0,0.0,0.0,0.0031633912457014,0.0001926610765697,0.0009691095103449,0.0,0.0,0.0017382719509271,0.0,0.0,0.0009003908583743,0.0,0.0004436414189868,0.0011632636052851,0.0,0.0,0.0,0.0,0.0,0.0,0.0024669775696134,0.0,0.0,0.0,0.0004984920911977,0.0,0.0013312283398834,0.0027963867328984,0.0009672438684431,0.0,0.0092026401332127,0.0008719088511301,0.0,0.0,0.0,0.0009851346410841,0.0,0.0,0.0029314911633335,0.0,0.0,0.0,0.0018408397498674,0.0,0.0012571776301632,0.0355158924391724
NeuralNetClassifier,SMOTEENN,0.1,0.0652099127005752,0.0801608638216466,0.0804600133721469,0.0179902877259011,0.0172851635438853,0.0080212325600689,0.0048194686607485,0.022768047002489,0.0008007613930688,0.0217459971479562,0.0138956266328727,0.0027678380916826,0.003580632132846,0.0026931033290558,0.033424143672061,0.0,0.0180445269703364,0.0218053984829176,0.0073533905530519,0.0271696259336971,0.0,0.0110974166427361,0.0,0.0094237358723726,0.0,0.0,0.00398249285544,0.0,0.0051662771502661,0.0,0.0,0.0007942984447117,0.0085997868167021,0.0,0.0,0.0030482523380477,0.0152247104603335,0.0,0.0,0.0,0.0306394208892214,0.0016260806042831,0.0070070801130737,0.0,0.0,0.0160293697931092,0.00202477212399,0.0020608843073169,0.0,0.0,0.0,0.0,0.0,0.0008307129103083,0.0,0.0030748300359265,0.0205600246183189,0.0,0.0,0.0,0.0032641684058989,0.0,0.0,0.0052732573273305,0.0,0.0,0.0,0.0047065200393795,0.0,0.003488819821966,0.0111292763642974,0.0004311966514526,0.0,0.0052249747977483,0.0013914848462168,0.0,0.0,0.0,0.0004081712364237,0.0090905239156012,0.0084767628996656,0.0021179662189567,0.0,0.0,0.0,0.0,0.0,0.003816752524249,0.0149453698285545
NeuralNetClassifier,ClassWeight,0.1,0.072105425920094,0.0790164186619768,0.0875697633486561,0.0008564930402371,0.0217860590470536,0.0109003587906047,0.0003891462108413,0.0068527801220554,0.0038225486119238,0.001547209591444,0.0022423315105141,0.002481721767654,0.0107099877741754,0.0059930422596736,0.0020051449244789,0.0,0.0047916667058446,0.0,0.0055957161966899,0.0006346053461122,0.0,0.0022638807315862,0.0010885459448753,0.0006570006891677,0.0029230530955064,0.0,0.0,0.0,0.0,0.0,0.0,0.0009256753557952,0.0027364322559527,0.0,0.0,0.0009684206107153,0.003979746648225,0.0007836588928961,0.0,0.0042685644285958,0.0087298239090855,0.0032806401565946,0.0023352769335685,0.0,0.0,0.0007894295369599,0.0016750501164969,0.0006040684605398,0.0,0.0,0.0050792138940686,0.0,0.0,0.000456613719464,0.0,0.0005514585480827,0.0052456903128427,0.0,0.0,0.0,0.0025843342594883,0.0028837349481771,0.0,0.0013034520983214,0.0,0.0,0.0,0.0019556184757269,0.0,0.0026454460254098,0.003502271623682,0.00088797592055,0.0,0.0063571269711754,0.0,0.0,0.0,0.0,0.0002566716294045,0.002007792091141,0.0039716039566996,0.0004987807176793,0.0,0.0,0.0,0.0018915408623685,0.0,0.0019185871649766,0.0251629440948684
XGBClassifier,Baseline,0.2,0.3666038513183594,0.4636467099189758,0.5257053375244141,0.0510940998792648,0.1412703692913055,0.1352746337652206,0.0139471730217337,0.1055635958909988,0.0987307280302047,0.0198819059878587,0.1108019575476646,0.056079626083374,0.0656698420643806,0.0692164450883865,0.0088050477206707,0.0,0.0486891753971576,0.0335608050227165,0.0431295000016689,0.0150802852585911,3.64333791367244e-05,0.0035081971436738,0.0008143699378706,0.001400074455887,0.0043748384341597,0.0023805156815797,0.0085521126165986,0.0001348215300822,0.0158363431692123,0.0016496925381943,0.0006282395916059,0.0288204886019229,0.0683329924941062,0.0,0.0,0.0040172268636524,0.0542727671563625,0.0029420147184282,0.0053492961451411,0.0004907323163934,0.0076544429175555,0.0165048148483037,0.0040409411303699,0.0007203578134067,3.583840589271858e-05,0.0068492162972688,0.0086981477215886,0.0007789665251038,0.0,0.0002896581718232,0.0074975616298615,0.0006899817381054,0.0040933983400464,0.0010802164906635,0.005505833774805,0.0006335566285997,0.0061449925415217,0.0005519195110537,0.0006476769340224,0.0002738191687967,0.0021845607552677,0.0024823735002428,0.001551613328047,0.0022340659052133,3.6324421671452e-05,0.0005492425989359,0.0014729879330843,0.0048244628123939,0.0007047233521007,0.0024989577941596,0.0118225570768117,0.0009066039347089,0.0017225156771019,0.0080197071656584,0.0015831781784072,0.0017069446621462,0.0084464773535728,0.0002243712224299,0.0021012462675571,0.0018857188988476,0.0026484525296837,0.0011498351814225,0.0027378427330404,0.011006019078195,0.0021587600931525,0.0012306462740525,0.0003680973604787,0.0381810218095779,0.2399145662784576
XGBClassifier,RandomUnderSampler,0.2,0.3625305891036987,0.462476372718811,0.5306685566902161,0.0580741539597511,0.1374278962612152,0.1335538029670715,0.014665407128632,0.1104489713907241,0.1058316528797149,0.0160589199513196,0.124572679400444,0.063991017639637,0.067474141716957,0.0781876593828201,0.0094772707670927,0.0,0.0524297282099723,0.0306250043213367,0.0467975474894046,0.0161609351634979,3.8083082472439855e-05,0.0043635251931846,0.0004320675798226,0.0011783525114879,0.0044361073523759,0.0024212582502514,0.009492096491158,0.0002581744047347,0.0186643786728382,0.0019393819384276,0.0007366932113654,0.0219601634889841,0.0714598000049591,0.0,0.0,0.0035870161373168,0.0585092082619667,0.0027199590113013,0.0061732409521937,0.0005428282893262,0.0064954566769301,0.0150457648560404,0.0039785071276128,0.0006027923664078,5.386107659433037e-05,0.0095671378076076,0.0087715713307261,0.0006475722766481,0.0,0.0003386327298358,0.0065704151056706,0.0010544841643422,0.0039701927453279,0.0009897970594465,0.005303400568664,0.0015616989694535,0.006536116823554,0.0004652798816096,0.0013289907947182,0.0006335532525554,0.0022700820118188,0.0021872594952583,0.0025208967272192,0.0021952590905129,2.5663934138719924e-05,0.000645040301606,0.0014392649754881,0.0057890946045517,0.0004349707451183,0.0027863092254847,0.0128218345344066,0.0023662361782044,0.001323115080595,0.0083049396052956,0.0013276180252432,0.0011095905210822,0.0089854029938578,0.0002880100219044,0.0009427653858438,0.0024920743890106,0.0021915400866419,0.0006754869828,0.0029676461126655,0.0107652125880122,0.0029786208178848,0.0012971747200936,0.0004928482812829,0.041750282049179,0.238809123635292
XGBClassifier,SMOTEENN,0.2,0.1954583674669265,0.6749114990234375,0.39952552318573,0.2455137223005294,0.2015211880207061,0.2113274037837982,0.0670209899544715,0.2569944262504577,0.2040243595838546,0.0128135466948151,0.121622584760189,0.0798819959163665,0.0886500924825668,0.247731402516365,0.0066366912797093,0.0,0.1092276871204376,0.114436350762844,0.123188279569149,0.0232049115002155,3.120779001619667e-05,0.0142487101256847,0.0004212059720885,0.002103479579091,0.0077958391048014,0.0035709389485418,0.0198687296360731,8.819933282211423e-05,0.0337243676185607,0.0021923636086285,0.0016257562674582,0.0408792346715927,0.1007064282894134,0.0,0.0,0.003139975015074,0.1027572080492973,0.0046710018068552,0.0119435219094157,0.0015444868477061,0.0164187438786029,0.0296858120709657,0.0075202663429081,0.0017677067080512,0.0,0.0132788587361574,0.013319713063538,0.0015907192137092,0.0,0.0003721526882145,0.0141768641769886,0.0011246311478316,0.0078788576647639,0.0002902748528867,0.0080658355727791,0.0020506286527961,0.0081820115447044,0.001137952436693,0.0002540457935538,0.0001566133287269,0.0044421581551432,0.0051002544350922,0.0036878488026559,0.0036861267872154,0.0,0.0008767049876041,0.0030241350177675,0.0086091617122292,0.000586169946473,0.0037753356155008,0.0258451048284769,0.00048611764214,0.0017988586332648,0.0143290292471647,0.0030500527936965,0.0041563673876225,0.0168510191142559,0.0,0.0029481742531061,0.004714666865766,0.0042217578738927,0.0019575045444071,0.0043708337470889,0.0211903192102909,0.0034978110343217,0.0026217335835099,0.000952337111812,0.0540320724248886,0.4455050230026245
XGBClassifier,KMeansSMOTE,0.2,0.2363966703414917,0.4289259314537048,0.3805213570594787,0.1891579031944275,0.1295806318521499,0.1385071575641632,0.0646921917796135,0.2376538515090942,0.1634171456098556,0.0252904370427131,0.0994057059288024,0.0432420670986175,0.0763593167066574,0.1977686434984207,0.0101502500474452,0.0,0.0515383444726467,0.0379755906760692,0.0553942583501338,0.0091998977586627,5.73776378587354e-06,0.0041933064348995,0.0003771157935261,0.000782924471423,0.003029721789062,0.0017923186533153,0.006169922184199,2.596749436634127e-05,0.0140097383409738,0.0011559864506125,0.0004096183693036,0.0319049507379531,0.0227342788130044,0.0,0.0,0.0011785156093537,0.0520384758710861,0.0128887547180056,0.001571241300553,0.0061176680028438,0.016076261177659,0.0121386107057333,0.0095373233780264,0.000674120907206,7.743214155198075e-06,0.0089927045628428,0.0041984342969954,0.0009569206740707,0.0,0.0002168791979784,0.015073413029313,0.0057905139401555,0.0030050426721572,0.0089038647711277,0.0140772275626659,0.0065076225437223,0.0079324468970298,0.0004873573489021,0.0086507461965084,0.0045278393663465,0.0016800798475742,0.0014044782146811,0.0015210498822852,0.0132406409829854,0.0,9.433613740839064e-05,0.001574111287482,0.0017318202881142,0.007491669151932,0.0048319017514586,0.0078102964907884,0.0085986945778131,0.0013370284577831,0.0092971548438072,0.006044219713658,0.0030079365242272,0.0129964826628565,0.0004742722958326,0.0025974959135055,0.0168943610042333,0.0040016104467213,0.0054635107517242,0.0023438814096152,0.0091105932369828,0.0009494055993855,0.0013353152899071,9.336406947113574e-05,0.0297790877521038,0.3482946157455444
XGBClassifier,ClassWeight,0.2,0.3465099036693573,0.455112487077713,0.5083529949188232,0.05778044834733,0.1358141452074051,0.1332719027996063,0.0154459634795784,0.108924500644207,0.1005615964531898,0.0181978046894073,0.1123587489128112,0.0572947934269905,0.0629411712288856,0.0800529792904853,0.0084564574062824,0.0,0.050574030727148,0.028109848499298,0.0455139391124248,0.0174571983516216,7.139192166505381e-05,0.0032844918314367,0.0006769043975509,0.001635972992517,0.0048997891135513,0.0021437446121126,0.0082946959882974,0.0001562431134516,0.0165320187807083,0.0017029599985107,0.0006112483679316,0.0238063763827085,0.0688927918672561,0.0,5.418402724899352e-05,0.0041035390459001,0.0571264065802097,0.0025701143313199,0.0046611777506768,0.0007656051893718,0.0089943446218967,0.0169876664876937,0.0043315612711012,0.0007682127761654,2.8419266527635045e-05,0.0059273811057209,0.0098004518076777,0.0008266314980573,0.0,0.0002660174795892,0.0088801784440875,0.0003712301841005,0.0042863483540713,0.0005655111162923,0.0054357326589524,0.0006661295774392,0.0049525815993547,0.000629961839877,0.0018289972795173,0.000272715347819,0.0021548273507505,0.0023170816712081,0.0018038061680272,0.001559343538247,3.40698279615026e-05,0.00055967643857,0.0014609193895012,0.0047633466310799,0.0004923929809592,0.0021626865491271,0.0103009780868887,0.0020498028025031,0.0015771021135151,0.0083631947636604,0.0011562813306227,0.00222910172306,0.0093798395246267,0.000222132919589,0.0013949408894404,0.0021132871042937,0.0030195014551281,0.0008905213326215,0.0030444511212408,0.0112414788454771,0.0025980800855904,0.0013470606645569,0.0004131588211748,0.0399373322725296,0.2385041415691375
LogisticRegression,Baseline,0.2,0.6814941660488651,0.5079490174953061,0.7954717142778058,0.0006291031519592,0.1357831753884759,0.1029973615037217,0.0128324619659373,0.0989887626684864,0.107819086206873,0.0124758143325788,0.0787732701305721,0.0461355658337851,0.0788099690760888,0.0714761828047415,0.0019866302220545,0.0,0.0834069784059423,0.0822003595313036,0.0008235886419435,0.0666439357721659,7.632172699164527e-20,0.0283427293854891,0.0028277018883774,0.0075177162781163,0.0042848191824235,0.0019777477711586,0.029851393026738,7.783358996712959e-19,0.01390249817344,4.338499953614547e-18,2.343250902360199e-19,0.0302891707556503,0.0813856707417626,2.0299191442949385e-21,8.997205701587421e-20,0.0019423218376385,0.0600483633653795,0.002388908651397,0.0147320071634269,0.0013516200283685,0.0014088199679213,0.0110971470668044,0.0028394635164608,1.8883117953213408e-18,0.0005068150362296,0.015161141473643,0.0027050131777278,7.493080058768554e-19,2.588995289193492e-20,0.0041651164076658,0.0027866099789442,0.0041872437165211,0.0106202317837798,0.0047104315886522,0.0076175853303506,0.000947762080682,0.0081915452235701,1.6610005696991693e-18,0.0015679631667303,0.0009703448269975,0.0078006551817188,0.0055237989108509,0.000878278486648,0.0042886230564642,9.458255746214594e-20,2.1408742770601352e-19,0.0070818202387908,0.0022429343234767,0.0013938366060262,0.0071983163736453,0.0106045351824115,0.0033444415037864,0.0026046415215257,0.0171807213055885,0.0037387885655308,0.0015902952778221,0.0068948275100462,0.0007997332985196,0.0048919885384293,0.0072619524774476,0.0046600039227059,0.0024013998927435,0.0023142413149142,0.0069706127203375,0.0004918638558926,1.2582216388335324e-18,6.610545546022547e-19,0.0106353971671451,0.2472066798287535
LogisticRegression,RandomUnderSampler,0.2,0.6639183161403907,0.5147246079268532,0.7830133647942513,0.0031745748611642,0.1575848172286455,0.1193073870036939,0.0129571280459628,0.1082384825645141,0.1053170631879468,0.0115874229704407,0.0821713592972845,0.0491403180228696,0.0755504485862171,0.0648370876041991,0.001242576928912,0.0,0.087502079543372,0.0839575936990035,0.0006974446800713,0.0695811130251697,8.419210396736255e-20,0.0319725086330262,0.0036655435769064,0.0082014956724061,0.0043848964883613,0.0021513148263737,0.0327052091453048,1.116003488167221e-18,0.0152836562517525,4.479840877167622e-18,2.4024481461056506e-19,0.0266975730198013,0.0752601786769708,4.160630246919442e-22,1.0903610542808237e-19,0.0060426089334351,0.0665516724222428,0.00187584037485,0.0124691162024436,0.000257081243557,0.0061544608012132,0.0118841750331477,0.0033210573410316,1.8457030039359497e-18,1.178069765291099e-05,0.0127077151219083,0.0046328653143276,9.990148578520632e-19,5.241306218933868e-22,0.0048954502069732,0.004246098960895,0.0024472026223538,0.0139989127524517,0.0020287344802104,0.0060211069625784,0.0004896215588766,0.0063626703424804,1.5505790029492257e-18,0.0005827578440763,0.0008899129679276,0.0052674340324685,0.0043709334659794,0.0014410669952686,0.0027954142037816,1.8429971781352048e-19,1.9669282753639093e-19,0.0079846338232443,0.0019052995294658,0.0004937507365036,0.006085469476729,0.0083388263455125,0.0023874403162899,0.0016144074130212,0.0202285569503259,0.0006012528659477,0.0013562309447463,0.0084212098046078,0.000433300876708,0.0015930105209302,0.0004214480740278,0.0049908785572645,0.0006379035461534,0.002670175883039,0.0080834588069239,0.0015439393021558,1.599377240794387e-18,1.1525210853402001e-18,0.0108017780802756,0.2489746508062209
LogisticRegression,SMOTEENN,0.2,1.0220740882139234,0.9219277916833112,1.1765150029812357,0.0279367322843523,0.2740314986026764,0.2559431354890912,0.0052939518734551,0.1574582518439491,0.1410919482359017,0.0137509951312855,0.0650518534323379,0.0429130478256647,0.1371056136374006,0.1490631085618067,0.0015608710083092,0.0,0.1546875697079826,0.1573521156883011,0.0940745645727594,0.2818940066569535,2.225345655658378e-19,0.1074774746765741,0.0132760645138107,0.0271252727516911,0.0125272111600333,0.0056690341617247,0.0923403187810257,2.220627866990027e-18,0.0398800343350505,1.0768031171065292e-17,1.8590364794243169e-19,0.0335025501593987,0.0910686017479146,2.444543716797074e-21,2.580885984223945e-19,0.0116689169627345,0.1013981537241167,0.0061094638025097,0.0397689966816214,0.01340036383557,0.0722662264807687,0.0116368819134104,0.0016710670044019,2.2636360165823283e-18,0.0036342914201751,0.0542321724912622,0.0018354246487153,5.713623560996696e-19,3.174583641454779e-20,0.0001837667436721,0.0040303399386525,0.0196908433224512,0.0098940091663908,0.0127264760995912,0.0182568117138386,0.0173492303397747,0.0268455931868197,2.4190656557298552e-18,0.0128864522698505,0.0107614010949135,0.0243598353930278,0.0137028195054196,0.0004375997867894,0.0171512788503638,8.523763415213182e-19,5.445227454514131e-19,0.0078574329375185,0.0095440574249087,0.004710103893718,0.0235713240451004,0.0378011956313464,0.024799732787688,0.0062173171781333,0.0192122433818571,0.0197124412694912,0.0008839879490359,0.0066199158358929,0.0012277694292265,0.0169914419666095,0.0427140938726117,0.0005664874161616,0.0141735141512837,0.0025114097395455,0.0082704954399192,0.00273768524195,2.1893659261433662e-18,8.541115088591566e-19,0.0738591460508958,0.5057215062941445
LogisticRegression,KMeansSMOTE,0.2,1.3534776568058555,0.6189197658737173,1.1250515822501708,0.0211919446752646,0.1800685409150993,0.1441965767333263,0.0316909475777402,0.0885960318581388,0.0676798561644993,0.0618484507586039,0.0392593048909094,0.0670228521521562,0.0845055540491419,0.0801472218985454,0.1586036135952952,0.0,0.0349203138254063,0.0008274396194779,0.1075101063633675,0.3109873647997283,8.291714310245683e-20,0.1193164455933435,0.0109968136044325,0.0147955978958195,0.0076359932490938,0.0003036817996261,0.0658575037583776,2.5474406637273263e-19,0.0226112561632257,8.58147864119036e-18,1.1609745309841386e-19,0.063675734795167,0.2157627038350928,5.747212628682917e-21,3.4348925390176965e-20,0.0031925994848343,0.1973032819714561,0.0152694856083274,0.0390724770211529,0.0048843035531541,0.2707536046391787,0.0261065499489565,0.040494202922404,2.117462250986331e-18,0.010256826978956,0.195697635057516,0.010893713577405,2.6857197571626454e-18,3.70035172703961e-20,0.024001796238159,0.0015060785627118,0.0410215127387333,0.1098044779143941,0.0315424561800922,0.0170252091107569,0.0050672742242205,0.0029007592397416,3.1280079066384742e-18,0.019554500207896,0.0528219773599313,0.0298439877340566,0.020206481052921,0.00918825490867,0.0247834741746588,1.1805330842993672e-18,9.059068592955016e-19,0.038962973599359,0.0007469355301949,0.0093965365975771,0.0292447240701884,0.0980437798732223,0.138072998006638,0.0058789667416731,0.0918494464525471,0.0213557592241132,0.0248591121239893,0.0005134107411879,0.0034054408376437,0.0615592779991923,0.2083052726429548,0.0521143929126235,0.0574614801996087,0.0027712503855964,0.0064192140157393,0.0014116581241276,1.856278774725883e-18,8.343042410297734e-18,0.0191414805450974,0.2362851135883481
LogisticRegression,ClassWeight,0.2,0.7042269277085066,0.5230717517154048,0.820892045789181,0.0033972562340689,0.151824094441754,0.1256320415352932,0.014259650376927,0.1078853868598178,0.1045948911269058,0.01383450165803,0.0821887470200574,0.0461098480982351,0.0795731142500437,0.0670893072279913,0.0040309636563611,0.0,0.0835824374117361,0.0794275035562596,0.0036317920006557,0.0643704202224707,8.82475734264233e-20,0.0304651488101947,0.0031047584982887,0.0077162387268911,0.0045454171116636,0.0020822047426415,0.0313763558941208,8.757851914618318e-19,0.0148958704987663,4.433118962309573e-18,2.1040645182425136e-19,0.0261358478492194,0.0821455651077177,9.886821314124297e-22,9.052616526521077e-20,0.0018955486458802,0.0550975655169001,0.0022368299498206,0.0140896086288767,0.0012146087643159,0.0015530016475836,0.0114544657492022,0.0028246716517417,1.838838193220949e-18,0.0003885572397727,0.0145929711648162,0.0033814097784259,8.560202411944982e-19,2.947430322082738e-20,0.0034833239606469,0.0032503869729097,0.0030967462001041,0.012080688720411,0.0037082684130271,0.0071430416310104,0.0012589980694285,0.0082515676150821,1.7326414232624533e-18,0.0011142799881571,0.0009042588195134,0.0073144668923299,0.0053261492984919,0.0009163868374323,0.0038335800288969,1.4335964908692068e-19,2.0757072457538204e-19,0.007145261774532,0.0024636003118806,0.0012991500935261,0.0072929551393063,0.0106732930635502,0.0019489987465111,0.0024059977190828,0.0173308468686952,0.0032594492323673,0.0013891297298179,0.007496449097191,0.0006116145899279,0.0042681261320987,0.0067944076673349,0.0047629186379528,0.0023764785811374,0.0024301285017862,0.0070872813878127,0.000764973728443,1.395438733113136e-18,7.3182763952074615e-19,0.0090791376962776,0.2506228464540382
RandomForestClassifier,Baseline,0.2,0.0079492776075722,0.0473357506347595,0.0168531997223653,0.0028625238432381,0.0155814882417779,0.0204406893219772,0.0023264469494646,0.0136870791541655,0.005445166218845,0.0031521887013844,0.0077749205125556,0.0061803693845594,0.0037548051625907,0.012070379631979,0.0016170599603461,0.0,0.004246012818004,0.0082828564469344,0.0056092156467426,0.0010857999010419,1.6482054790697924e-06,0.0003393218695139,9.007775680011192e-05,0.0001285663709486,0.00024885188374,0.0001107886441359,0.0008800629811507,3.510151525822016e-06,0.0013699688790995,6.137395681433071e-05,7.105029577043564e-06,0.0009796131076326,0.0101936926003133,2.1815733315201278e-08,4.952006858900043e-07,0.0004090140419435,0.0088061918592976,0.0002319317175659,0.0003312884651434,0.0001396755826246,0.0006040740638902,0.000386150764644,0.0001559327086673,8.577481767046442e-06,9.932008462969018e-06,0.0008276820952128,8.986976736289091e-05,1.106404299390061e-05,0.0,2.654083975488553e-06,0.0001649036490089,0.000313378591117,2.3655147816319053e-05,0.0002007241221294,0.0003396749370641,0.0001378778317006,0.000385486308343,1.1555601012039588e-06,0.0001845796525949,0.0001144280701935,0.0002518093636105,0.0001319195747675,1.5114031440270065e-05,0.000253999840091,3.813302327986887e-06,2.481809284632984e-05,1.0439293443020125e-05,0.0003812612195207,7.728149345216847e-05,0.0002432721195919,0.0010429244651723,0.0003077603321684,0.0001015490975389,0.0001571694225769,0.0003513846574252,2.335674138469481e-05,7.29809765115519e-05,2.0382555952291496e-05,0.0002206798140789,0.0004451647603689,1.715593222787793e-05,0.0001951052187103,3.982461726260407e-06,0.0003990635559724,5.021815544053374e-05,4.874046846588791e-06,3.14255542189113e-06,0.0082989290071107,0.0310831848940342
RandomForestClassifier,RandomUnderSampler,0.2,0.013278793548451,0.0674700099907866,0.0217349078068812,0.0043823932696876,0.0240403545214224,0.0304830264222206,0.002974758237043,0.0204715767080788,0.0073602041540684,0.0040504653858548,0.0117722510514413,0.0100025744795974,0.0055704738926451,0.0179422036646621,0.0019745773241954,0.0,0.0071507765029635,0.0133829524834652,0.0091836558765664,0.0014704201838352,7.858964376235621e-07,0.0003568389082108,5.436470962922522e-05,0.0001346830519536,0.0002038669765262,8.51494900540772e-05,0.0011731302670874,1.92841611576123e-06,0.0018467814189636,4.862852792166765e-05,1.6131530854615117e-05,0.0012955031377828,0.0163147644073813,0.0,2.740886596353958e-07,0.0006614073863792,0.0127546385626839,0.00017438472087,0.0002667527080402,0.0001017777028372,0.0008929199484466,0.0007809278043361,0.0002055300739338,1.808507439650855e-05,3.2567019694108435e-06,0.0010052429787063,0.0003442160318419,1.2850249894957777e-05,0.0,2.853419386006181e-06,0.0004464715306849,0.0001434128139811,0.0001197039682768,8.985344574496814e-05,0.0002335102780128,0.0001421223741244,0.0003011227243678,3.50096438071611e-06,9.916766558658295e-05,4.934939337973044e-05,0.0001642206470442,8.272675292535285e-05,4.972104939545137e-05,0.0001745027413808,1.1220075605641457e-06,1.687917811546424e-05,3.70747344678364e-05,0.0003812437702065,3.196676181668817e-05,0.0001650768009219,0.0011126045774708,0.0001099763012955,6.291866465449149e-05,0.0003946258697993,0.000234420950566,4.789639144253467e-05,0.0002627081752135,4.483311374862957e-06,0.0001098351416095,0.0003441636883404,5.895237901554026e-05,8.073622396316104e-05,3.101832760827814e-05,0.000727259123469,7.973065001055822e-05,2.2259438409505776e-05,6.111572770811923e-06,0.0117438852455592,0.0497977971448293
RandomForestClassifier,SMOTEENN,0.2,0.0203339652454222,0.0974054000492685,0.0163435982383828,0.0260998410864552,0.0298714345770582,0.0361862655213755,0.0108045147722454,0.0440073810689746,0.0141628153078725,0.0017916522714924,0.009302438036679,0.0220749977578506,0.0075399463449231,0.0357462557762071,0.001578730526921,0.0,0.0172279501581598,0.0274631084603858,0.0146801929455629,0.0037239796157117,6.2166744174012895e-06,0.0005912502317612,2.572784516432743e-05,0.00010776994113,0.0001893002710597,8.308451031624853e-05,0.0015800722010965,1.71913613709495e-06,0.0017214407209313,4.8062056052931605e-05,2.3584431091247125e-05,0.0045969930856596,0.0199057760967284,1.923781928034691e-08,1.556048609098074e-06,0.0009018805554356,0.0204755281572774,0.0001709798021609,0.0002188769792739,0.0001369924784766,0.0010745662193013,0.0009887590755848,0.0001872643255297,2.759432168551509e-05,3.170554736580521e-06,0.0010227874671782,0.0002961199743974,1.2881433205344604e-05,0.0,2.4452374135080825e-06,0.0004816665790381,0.0001364047430605,0.0001289040095747,4.277195802832023e-05,0.0001840984893229,0.0001590769824966,0.0002838734215783,5.1081032216646015e-06,0.0001176716550952,7.853755060938923e-05,0.000178996886527,6.537445665714325e-05,2.660618761701298e-05,0.0002523297785843,1.1133799074247752e-06,1.2350291387836247e-05,3.9363501731474295e-05,0.0004314055073238,3.362535164533255e-05,0.0001492634888311,0.0015102466119478,0.0001791718578337,6.532626469062026e-05,0.0004041743127715,0.0002877639508731,0.0001176324127443,0.0003604244556081,5.565304802270787e-06,0.0001397988070497,0.0007681370340322,6.108612055701743e-05,0.0001866366293452,3.0774562657631614e-05,0.0009946346709807,6.623961347107995e-05,2.6799861723691625e-05,5.356254044152343e-06,0.0119003928485299,0.074476685526284
RandomForestClassifier,KMeansSMOTE,0.2,0.0205925440007386,0.0548089112703867,0.0175294049258508,0.01280866562015,0.0380176626499381,0.0224256168005369,0.0073458020069105,0.0351848100919395,0.0111793092730627,0.0136565333914373,0.0135063738639623,0.0065154504347802,0.0051935410536604,0.0208973170890618,0.0106288144382195,0.0,0.0043880854984624,0.0038909661657845,0.039928727295975,0.0083610381213256,2.5880509245850284e-06,0.0023133353735488,7.028589466733876e-05,0.000181678760992,0.0001396963675005,2.465115182933391e-05,0.0006828374797665,6.89617360979517e-07,0.0005793076228428,0.0001434262153371,4.163517451085035e-06,0.0041476539554993,0.0243557465454155,0.0,5.371290617261133e-07,0.001514960142316,0.0280983642224574,0.0005698896632493,0.0007599056539236,0.0004754787413409,0.0162068941094789,0.0005815655175322,0.0012117532675799,1.5043252599370475e-05,0.0004279019632215,0.0093172377533031,0.0013291666446778,4.690115085815603e-05,0.0,3.309219885504161e-06,0.0003058011736963,0.0036966604439404,0.000875263305192,0.0017750117873675,0.0010073055277359,0.0003379223113144,0.0005575617789275,2.4486166354675813e-06,0.001574088521837,0.0011963208963644,0.0010607474640533,5.294314154496766e-05,1.845176205766869e-05,0.0034322725964191,3.173481064995469e-05,2.803752756425085e-06,2.753133514796889e-05,0.0007530801794727,3.758983142979702e-05,0.0016605113216529,0.0078356360852491,0.0049401772157763,0.0002964554165702,0.0007377852965273,0.0018013314478597,0.0002380811439232,0.0001644609192026,0.0001173052045986,0.0014391342979717,0.0163597708567251,0.0001702423936399,0.001968924070816,1.6653146405643515e-06,0.0003282404694411,0.0001451487037038,6.652836482182359e-06,4.013954533135904e-06,0.0075755899863319,0.031172709667356
RandomForestClassifier,ClassWeight,0.2,0.0134094529385149,0.0668524178334636,0.022981192113049,0.0045769182359377,0.0243973179047834,0.0316032531751888,0.0028231092681607,0.0201771598442183,0.0078560166783972,0.0034666031977689,0.0114840041897057,0.0103761319261693,0.0058185571839358,0.0193266245407031,0.0017525352088228,0.0,0.0073360276891077,0.0126786578796885,0.0104348528021657,0.0018059223095101,1.2810635789666631e-06,0.0003617239359107,3.903389435811572e-05,0.0001561091779168,0.0002611737723475,0.0001025529961899,0.0011169845577044,2.546129317232609e-06,0.0018193633011805,6.393340129485703e-05,1.93974893901474e-05,0.0013809623917871,0.015659740173814,2.7765875128694525e-08,2.5004717411632813e-07,0.0006260232537729,0.0126101097042473,0.0001831977605995,0.0002462009956149,0.0001057988724796,0.0012256984572714,0.0010486276394913,0.0002856180625276,2.403052163229509e-05,4.221318115940539e-06,0.0006878834441561,0.0004621113961791,1.4132687792041351e-05,0.0,2.567583478015173e-06,0.0005957314367682,9.035944529608636e-05,0.0001522719566633,4.92568827839269e-05,0.0002328740093516,0.0001364929646263,0.0002463039758426,5.825925666472056e-06,8.717740426009157e-05,6.682324683152319e-05,0.0001626659494522,9.774757572361089e-05,5.979198559672984e-05,0.0001558117414234,1.3841986893412414e-06,1.910508524688259e-05,3.8181065907817045e-05,0.0003472468372701,3.217449177703188e-05,0.0001661083415211,0.0009637957850857,0.0001334544371198,8.72486142788501e-05,0.0004512969501799,0.0002472391199704,0.0001009886277804,0.0003673137893912,4.175362874299493e-06,0.0001088285201723,0.0003762913183129,0.0001005000274606,9.471148658966828e-05,3.711775042039782e-05,0.0009055549705074,0.0001055057369611,2.330901371965612e-05,4.410840192656995e-06,0.0114526589724615,0.0506577983114433
NeuralNetClassifier,Baseline,0.2,0.063133277187082,0.0947080656406127,0.0718241786873006,0.0022347742909265,0.0100100793191044,0.01199530388899,0.0,0.0025587192993963,0.0058145110650616,0.000736429482753,0.0072421120589451,0.0028002660934076,0.0031612176217387,0.0020505884417222,0.0009602665219073,0.0,0.0043692431072766,0.0026828891692496,0.0019272513148664,0.0035139469475488,0.0,0.0025096055624724,0.0,0.0,0.0004979180389888,0.0003205706716451,0.0002215466754381,0.0,0.0,0.0,0.0025095006657361,0.0022109693257504,0.0004812326611427,0.0,0.0,0.0010498262989443,0.003952283476101,0.0007228261643251,0.0007412753813718,0.0,0.0082824048781379,0.0,0.000276241615985,0.0,0.0,0.0,0.0,0.0,0.0,0.0,0.0026804138306252,0.0,0.0004375723739958,0.0,0.0022670083719526,0.0,0.0005508867158313,0.0,0.0052130712437769,0.0,0.002945285399211,0.0019717505809114,0.0,0.0003767010885751,0.0,0.0,0.0,5.224000850530352e-05,0.0011646767614907,0.0,0.0034303607209641,0.0007096360937306,0.0,0.0,0.0005715665620792,0.0009519675451271,0.0005395694327916,0.0,0.0013904264856278,0.0045635317250136,0.0038749222746356,0.0,0.0,0.0,0.0,0.0,0.0,0.0025602243582332,0.0192172481824421
NeuralNetClassifier,RandomUnderSampler,0.2,0.0885845100068357,0.1192990058110511,0.0908727015169119,0.0020849072469577,0.0090955462370172,0.021378997120557,0.0017594853328059,0.0114332119888783,0.0071034317996503,0.003188633839071,0.0149202032461372,0.0049212350123322,0.0075165122432602,0.0057613393178696,0.0016774222799311,0.0,0.003128313653402,0.0028053704109507,0.0,0.0041157034300375,0.0,0.001653002355646,0.0,0.0,0.0006777352551535,0.0,0.0021135501722115,0.0,0.0,0.0,0.0043513843640379,0.0011078855431628,0.0045034525179252,0.0,0.0,0.0,0.0051082491931485,0.0,0.0004187534413618,0.0,0.0029887420826112,0.0,0.0008193272538341,0.0,0.0,0.000522258653413,0.0,0.0,0.0,0.0,0.0006454815227316,0.0,0.0028580747794715,0.0,0.0,0.0,0.0019327013345093,0.0,0.0005941392297381,0.0,0.000781599241347,0.0021336419249626,0.0,0.0004163617505333,0.0,0.0,0.0,0.0013802393630721,0.0010580531189288,0.0,0.0031237306759071,0.0014504124419953,0.0,0.0,0.0003095733201575,0.0004464763551251,0.000683988188768,0.0,0.0,0.0027765115551113,0.0011794544483838,0.0,0.0,0.0,0.0,0.0032179682991945,0.0,0.0028707350738859,0.0356824542381205
NeuralNetClassifier,SMOTEENN,0.2,0.1115726886098766,0.1532807811223398,0.1005921329068782,0.0138586813404057,0.0152327468211042,0.0235320381277962,0.0063284313919552,0.0278609426901653,0.0022596947918317,0.0024036416583645,0.0231181152169486,0.0076723643997264,8.760571106366396e-05,0.0147385882213369,0.0022189790873945,0.0,0.0088366702343031,0.0021261638567612,0.0028140825433342,0.0093188295811402,0.0,0.0046223992178944,0.0,0.0,0.0011079423355359,0.0027275164966979,0.0025648213383016,0.0,0.0,0.0,0.0041380049238835,0.0040111656293993,0.003348876947924,0.0,0.0,0.0059671895132354,0.0068214499909528,0.0009922679675531,0.0019397234844597,0.0,0.0012083995039183,0.0,0.0011448718590879,0.0,0.0,0.0,0.0,0.0,0.0,0.0,0.0007265816086647,0.0,0.002652219604379,0.0,0.0011059942979813,0.0,0.0006664805476829,0.0,0.0,0.0,0.0029542242251008,0.0,0.0,0.0029532565704506,0.0,0.0,0.0,0.0039131224748933,0.0032117465967163,0.0,0.0019991277810821,0.0014113319621282,0.0,0.0,0.0,0.0019692635157278,0.0003177348327604,0.0,0.001140402792533,0.0010415028966512,0.0,0.0,0.0,0.0,0.0,0.004753905684796,0.0,0.0057182930092129,0.0549872474994187
NeuralNetClassifier,ClassWeight,0.2,0.0974596697419348,0.1266313897414654,0.1062849361468572,0.0,0.0067502233368576,0.0144717078711312,0.0042754540073576,0.0112487689709716,0.0103930530969439,0.000943741338561,0.0137226208018261,0.0053684100096946,0.0075586981283066,0.0027679852672774,0.0005664071187197,0.0,0.0045598939113515,0.0026004933978186,0.0015787946264729,0.0003029359045359,0.0,0.0038952657445843,0.0,0.0,0.0002969150543131,0.0001607716678746,0.0007403701472318,0.0,0.0,0.0,0.0026420086188469,0.000704670010169,0.0026835028859732,0.0,0.0,0.0011550309256226,0.0034542288556852,0.001477455590202,0.0015704327905201,0.0,0.0052240505139957,0.0,0.0008137800914639,0.0,0.0,0.0014500192420584,0.0,0.0,0.0,0.0,0.0011796785256651,0.0015257533748102,0.0006437364124877,0.0,0.0,0.0,0.0,0.0,0.0061120891267589,0.0,0.0019247730640385,0.0028082874743627,0.0,0.0008943675585976,0.0,0.0,0.0,0.0002769463680025,0.0019067429236024,0.0,0.0043335065901566,0.0040288666730065,0.0,0.0,0.0052690282483079,0.0019470442574457,0.001159740476394,0.0,0.0009223433398676,0.0117312190423033,0.0038409098266608,0.0,0.0,0.0,0.0,0.0037803947994384,0.0,0.0008194224912024,0.0315899795856546
